0,0.0,2.845214116e-05,0.0,0.0235294117647,0.0,0.0,0.0,1.0
1,0.0,0.0,0.0,0.239215686275,0.00980392156863,0.0,1.0,0.0
2,0.0,4.52116215694e-05,0.0548204031683,0.0078431372549,0.0078431372549,0.0,1.0,0.0
3,0.0,3.87806581565e-05,0.00282406099972,0.056862745098,0.0607843137255,0.0,1.0,0.0
4,0.0,0.0,0.0,0.235294117647,0.0352941176471,0.0,1.0,0.0
5,0.0,0.0,0.0,0.323529411765,0.0156862745098,0.0,1.0,0.0
6,0.0,0.0,0.0,0.227450980392,0.0294117647059,0.0,1.0,0.0
7,0.0,0.0,0.0,0.527450980392,0.043137254902,0.0,1.0,0.0
8,0.0,0.0,0.0,0.258823529412,0.0137254901961,0.0,1.0,0.0
9,0.0,0.0,0.0,0.4,0.021568627451,0.0,1.0,0.0
10,0.0,0.0,0.0,0.388235294118,0.00392156862745,0.0,1.0,0.0
11,0.0,5.59298939242e-05,0.0151356221675,0.00392156862745,0.0117647058824,0.0,1.0,0.0
12,0.0,6.50891448456e-05,0.0,0.00196078431373,0.00196078431373,0.0,1.0,0.0
13,0.0,0.0,0.0,0.454901960784,0.0,0.0,1.0,0.0
14,0.0,0.0,0.0,0.186274509804,0.0294117647059,0.0,1.0,0.0
15,0.0,5.84633037535e-05,0.0927098882479,0.0137254901961,0.0156862745098,0.0,1.0,0.0
16,0.0,3.50779822521e-06,0.0,0.0,0.0,1.0,0.0,0.0
17,0.0,4.54064992486e-05,0.00414195613292,0.00392156862745,0.00392156862745,0.0,1.0,0.0
18,0.0,6.68430439582e-05,0.00792081870873,0.0156862745098,0.0176470588235,0.0,1.0,0.0
19,0.0,0.0,0.0,0.435294117647,0.043137254902,0.0,1.0,0.0
20,0.0,0.0,0.0,0.547058823529,0.0313725490196,0.0,1.0,0.0
21,0.0,4.93040528321e-05,0.0800486814325,0.0137254901961,0.0176470588235,0.0,1.0,0.0
22,0.135812038271,2.86470188392e-05,0.000706015249929,0.0,0.0,0.0,0.0,1.0
23,0.0,0.0,0.0,0.48431372549,0.00196078431373,0.0,1.0,0.0
24,0.0122804892818,8.51615458009e-05,0.0969661516117,0.0,0.0,0.0,1.0,0.0
25,0.0,0.0,0.0,0.545098039216,0.0117647058824,0.0,1.0,0.0
26,0.0,4.42372331735e-05,0.044297413967,0.0078431372549,0.0411764705882,0.0,1.0,0.0
27,0.0,4.18987010233e-05,0.0705948010382,0.0254901960784,0.0254901960784,0.0,1.0,0.0
28,0.0,4.6965520682e-05,0.00941353666573,0.0627450980392,0.0627450980392,0.0,1.0,0.0
29,0.0,1.55902143343e-06,0.0,0.0,0.021568627451,1.0,0.0,0.0
30,0.0,0.0,0.0,0.109803921569,0.0294117647059,0.0,1.0,0.0
31,0.0,5.9047936791e-05,0.00373179489248,0.0156862745098,0.0156862745098,0.0,1.0,0.0
32,0.0,0.0,0.0,0.00196078431373,0.0,0.0,1.0,0.0
33,0.0,8.76949556302e-06,0.000302577964255,0.352941176471,0.352941176471,0.0,0.0,1.0
34,2.42218723507e-05,2.04621563137e-05,0.000988421349901,0.00196078431373,0.00196078431373,0.0,0.0,1.0
35,0.0,8.37974020467e-06,0.000289130054733,0.237254901961,0.394117647059,0.0,0.0,1.0
36,0.0,0.0,0.0,0.4,0.0313725490196,0.0,1.0,0.0
37,0.0,6.31403680538e-05,0.0154785438604,0.0411764705882,0.0529411764706,0.0,1.0,0.0
38,0.0,0.0,0.0,0.445098039216,0.0235294117647,0.0,1.0,0.0
39,0.0,0.0,0.0,0.0960784313725,0.0196078431373,0.0,1.0,0.0
40,0.0,0.0,0.0,0.511764705882,0.021568627451,0.0,1.0,0.0
41,4.84437447015e-05,0.000310050387573,0.00250131117118,0.0,0.00196078431373,0.0,1.0,0.0
42,0.219256388519,2.845214116e-05,0.000706015249929,0.00588235294118,0.00196078431373,0.0,0.0,1.0
43,0.0,5.65145269617e-05,0.0202122080123,0.0196078431373,0.0196078431373,0.0,1.0,0.0
44,0.0,0.0,0.0,0.209803921569,0.0196078431373,0.0,1.0,0.0
45,0.0,5.45657501699e-06,0.0,0.154901960784,0.154901960784,0.0,0.0,1.0
46,0.0,4.96938081905e-05,0.00578932504942,0.0843137254902,0.0843137254902,0.0,1.0,0.0
47,0.0,6.50891448456e-05,0.0,0.00196078431373,0.00196078431373,0.0,1.0,0.0
48,0.0,0.0,0.0,0.503921568627,0.0313725490196,0.0,1.0,0.0
49,0.0,5.88530591119e-05,0.00334852947109,0.0176470588235,0.0176470588235,0.0,1.0,0.0
50,0.0,0.0,0.0,0.117647058824,0.00588235294118,0.0,1.0,0.0
51,0.0,5.45657501699e-06,0.0,0.00196078431373,0.00196078431373,0.0,0.0,1.0
52,0.0,4.28730894192e-05,0.0094000887562,0.0490196078431,0.0803921568627,0.0,1.0,0.0
53,0.0,8.37974020467e-06,0.000463952878525,0.233333333333,0.233333333333,0.0,0.0,1.0
54,0.0,8.57461788385e-06,0.000894285983244,0.141176470588,0.145098039216,0.0,0.0,1.0
55,0.0,1.55902143343e-06,0.0,0.0,0.0274509803922,1.0,0.0,0.0
56,0.0,0.0,0.0,0.262745098039,0.0156862745098,0.0,1.0,0.0
57,0.0,0.0,0.0,0.0450980392157,0.021568627451,0.0,1.0,0.0
58,0.0,8.37974020467e-06,0.000289130054733,0.288235294118,0.445098039216,0.0,0.0,1.0
59,0.0,0.000124916592353,0.0,0.00196078431373,0.00196078431373,0.0,1.0,0.0
60,0.0,0.0,0.0,0.401960784314,0.00588235294118,0.0,1.0,0.0
61,0.0,0.0,0.0,0.341176470588,0.0,0.0,1.0,0.0
62,0.0,6.04120805453e-05,0.0187867296029,0.00588235294118,0.00588235294118,0.0,1.0,0.0
63,0.0,0.0,0.0,0.121568627451,0.0176470588235,0.0,1.0,0.0
64,0.0,0.000135634864708,0.00223907693549,0.0,0.0,0.0,1.0,0.0
65,0.0,0.0,0.0,0.0,0.0,0.0,1.0,0.0
66,0.0,0.0,0.0,0.1,0.0352941176471,0.0,1.0,0.0
67,0.0,0.0,0.0,0.243137254902,0.0117647058824,0.0,1.0,0.0
68,0.0,0.0,0.0,0.327450980392,0.0392156862745,0.0,1.0,0.0
69,0.0,4.30679670984e-05,0.0193515418028,0.0,0.0,0.0,1.0,0.0
70,0.0,0.0,0.0,0.282352941176,0.0294117647059,0.0,1.0,0.0
71,0.0,3.52728599313e-05,0.0,0.00392156862745,0.00196078431373,1.0,0.0,0.0
72,0.0,8.18486252549e-06,0.000282406099972,0.0156862745098,0.0254901960784,0.0,0.0,1.0
73,0.0,0.0,0.0,0.26862745098,0.00980392156863,0.0,1.0,0.0
74,0.0,2.33853215014e-06,0.0,0.0,0.0,0.0,1.0,0.0
75,0.0,0.0,0.0,0.539215686275,0.0156862745098,0.0,1.0,0.0
76,0.0,4.09243126274e-05,0.0187598337838,0.0176470588235,0.0509803921569,0.0,1.0,0.0
77,0.0,6.25557350162e-05,0.0382122349081,0.0176470588235,0.0176470588235,0.0,1.0,0.0
78,0.0,0.0,0.0,0.48431372549,0.0137254901961,0.0,1.0,0.0
79,0.0,6.41147564497e-05,0.0267747878592,0.00196078431373,0.0588235294118,0.0,1.0,0.0
80,0.0,0.0,0.0,0.262745098039,0.0117647058824,0.0,1.0,0.0
81,0.0,0.0,0.0,0.429411764706,0.0352941176471,0.0,1.0,0.0
82,0.0,1.55902143343e-06,0.0,0.0,0.0843137254902,1.0,0.0,0.0
83,0.0,6.23608573371e-05,0.00254837885451,0.0156862745098,0.0156862745098,0.0,1.0,0.0
84,0.0,0.0,0.0,0.413725490196,0.0117647058824,0.0,1.0,0.0
85,0.0,4.38474778151e-05,0.0252955178118,0.0176470588235,0.0176470588235,0.0,1.0,0.0
86,0.0,0.0,0.0,0.488235294118,0.0235294117647,0.0,1.0,0.0
87,0.0,0.0,0.0,0.256862745098,0.0274509803922,0.0,1.0,0.0
88,0.00762988979048,2.845214116e-05,0.000706015249929,0.00392156862745,0.00196078431373,0.0,0.0,1.0
89,0.0,4.8134786757e-05,0.00952111994191,0.0196078431373,0.0196078431373,0.0,1.0,0.0
90,0.0,6.879182075e-05,0.00997162491091,0.00392156862745,0.0156862745098,0.0,1.0,0.0
91,0.0,8.57461788385e-06,0.000295854009494,0.211764705882,0.36862745098,0.0,0.0,1.0
92,0.0,0.0,0.0,0.28431372549,0.0333333333333,0.0,1.0,0.0
93,0.0,0.0,0.0,0.586274509804,0.00980392156863,0.0,1.0,0.0
94,4.84437447015e-05,0.000597300086682,0.00222562902597,0.0,0.00196078431373,0.0,1.0,0.0
95,0.0,1.98775232762e-05,0.000685843385646,0.0,0.0,0.0,0.0,1.0
96,0.0,5.04733189072e-05,0.00504296607092,0.00588235294118,0.0078431372549,0.0,1.0,0.0
97,0.0262080658835,2.86470188392e-05,0.000706015249929,0.00196078431373,0.00196078431373,0.0,0.0,1.0
98,0.0,0.0,0.0,0.250980392157,0.0294117647059,0.0,1.0,0.0
99,0.0,0.0,0.00238027998548,0.0607843137255,0.0607843137255,0.0,1.0,0.0
100,0.0,6.02172028661e-05,0.00205753015694,0.0,0.0,0.0,1.0,0.0
101,0.0,0.0,0.0,0.0,0.00196078431373,0.0,1.0,0.0
102,0.0,5.41759948116e-05,0.0485940210594,0.00392156862745,0.00392156862745,0.0,1.0,0.0
103,0.0,5.45657501699e-06,0.0,0.158823529412,0.158823529412,0.0,0.0,1.0
104,0.0,6.09967135828e-05,0.0051169295733,0.0,0.0,0.0,1.0,0.0
105,0.0,4.26782117401e-05,0.00814943317061,0.0274509803922,0.0274509803922,0.0,1.0,0.0
106,0.0,4.77450313987e-05,0.0616250453867,0.00196078431373,0.00392156862745,0.0,1.0,0.0
107,0.0,6.39198787705e-05,0.0150818305294,0.0392156862745,0.0392156862745,0.0,1.0,0.0
108,0.0,0.0,0.0,0.0,0.0,0.0,1.0,0.0
109,0.0,4.89142974738e-05,0.00202391038313,0.00392156862745,0.0117647058824,0.0,1.0,0.0
110,0.0,0.000407099471804,0.00225252484501,0.00196078431373,0.00196078431373,0.0,1.0,0.0
111,0.0,0.0,0.0,0.0,0.0,0.0,1.0,0.0
112,0.0,4.61860099653e-05,0.00343594088299,0.0,0.0,0.0,1.0,0.0
113,0.0,6.31403680538e-05,0.00289802450209,0.00588235294118,0.0078431372549,0.0,1.0,0.0
114,0.628557587502,1.94877679178e-07,0.0,0.00196078431373,0.00196078431373,0.0,1.0,0.0
115,0.0,0.0,0.0,0.213725490196,0.0313725490196,0.0,1.0,0.0
116,0.0,2.04621563137e-05,0.000974973440379,0.00588235294118,0.0,0.0,0.0,1.0
117,0.0,4.24833340609e-05,0.00654913193744,0.00980392156863,0.00980392156863,0.0,1.0,0.0
118,0.0,6.3335245733e-05,0.0178117561625,0.0117647058824,0.0117647058824,0.0,1.0,0.0
119,0.0,0.0,0.0,0.480392156863,0.0372549019608,0.0,1.0,0.0
120,0.0,0.0,0.0,0.53137254902,0.0352941176471,0.0,1.0,0.0
121,0.0,0.0,0.0,0.505882352941,0.0137254901961,0.0,1.0,0.0
122,0.00581324936418,6.39198787705e-05,0.00184908755934,0.0156862745098,0.0176470588235,0.0,1.0,0.0
123,0.0,0.0,0.0,0.574509803922,0.00980392156863,0.0,1.0,0.0
124,0.0,1.75389911261e-06,0.00092790575705,0.0,0.0,0.0,1.0,0.0
125,0.0,8.9643732422e-06,0.000309301919017,0.186274509804,0.347058823529,0.0,0.0,1.0
126,2.42218723507e-05,0.000210273015833,0.00224580089025,0.0,0.0,0.0,1.0,0.0
127,0.0,8.76949556302e-06,0.000934629711811,0.152941176471,0.309803921569,0.0,0.0,1.0
128,0.000629768681119,5.32016064157e-05,0.00607173114939,0.0,0.0,0.0,1.0,0.0
129,0.0,0.0,0.0,0.370588235294,0.0372549019608,0.0,1.0,0.0
130,0.0,0.0,0.0,0.262745098039,0.0078431372549,0.0,1.0,0.0
131,0.0,4.61860099653e-05,0.00092790575705,0.00196078431373,0.00196078431373,0.0,1.0,0.0
132,0.0,4.38474778151e-05,0.00912440661099,0.0,0.0,0.0,1.0,0.0
133,0.0,0.0,0.0,0.239215686275,0.0117647058824,0.0,1.0,0.0
134,0.0,0.0,0.0,0.478431372549,0.0372549019608,0.0,1.0,0.0
135,0.0,2.86470188392e-05,0.0,0.00392156862745,0.0,0.0,0.0,1.0
136,0.0,5.10579519447e-05,0.00679791826361,0.00392156862745,0.00588235294118,0.0,1.0,0.0
137,0.0,0.000201113764912,0.0,0.513725490196,0.513725490196,1.0,0.0,0.0
138,0.0,0.0,0.0,0.211764705882,0.0235294117647,0.0,1.0,0.0
139,0.0,5.08630742655e-05,0.0565619074515,0.0156862745098,0.0156862745098,0.0,1.0,0.0
140,0.0,0.0,0.0,0.282352941176,0.0137254901961,0.0,1.0,0.0
141,0.0,0.0,0.0,0.488235294118,0.00196078431373,0.0,1.0,0.0
142,0.0,5.72940376784e-05,0.0115584782346,0.0137254901961,0.0137254901961,0.0,1.0,0.0
143,0.0,4.30679670984e-05,0.00659619962077,0.00196078431373,0.00392156862745,0.0,1.0,0.0
144,0.0,5.53452608866e-05,0.0696063796883,0.00196078431373,0.00196078431373,0.0,1.0,0.0
145,0.0,0.0,0.0,0.0,0.0,0.0,1.0,0.0
146,0.0,6.02172028661e-05,0.108228775837,0.00392156862745,0.00392156862745,0.0,1.0,0.0
147,0.0,6.50891448456e-05,0.0,0.00196078431373,0.00196078431373,0.0,1.0,0.0
148,0.0,0.0,0.0,0.0235294117647,0.00588235294118,0.0,1.0,0.0
149,0.0,0.0,0.0,0.16862745098,0.0,0.0,1.0,0.0
150,0.0,4.17038233442e-05,0.00190287919743,0.00196078431373,0.00196078431373,0.0,1.0,0.0
151,0.0,0.0,0.0,0.570588235294,0.0235294117647,0.0,1.0,0.0
152,0.0,0.0,0.0,0.576470588235,0.0333333333333,0.0,1.0,0.0
153,0.0,0.0,0.0,0.278431372549,0.0274509803922,0.0,1.0,0.0
154,0.0,8.9643732422e-06,0.000524468471376,0.543137254902,0.541176470588,0.0,0.0,1.0
155,0.0,0.000145768504025,0.0,0.0,0.0,0.0,1.0,0.0
156,0.0,0.0,0.0,0.198039215686,0.0352941176471,0.0,1.0,0.0
157,0.0,1.55902143343e-06,0.0,0.0,0.0882352941176,1.0,0.0,0.0
158,0.0,0.0,0.0,0.490196078431,0.00392156862745,0.0,1.0,0.0
159,0.0,6.41147564497e-05,0.0567300063205,0.00588235294118,0.00588235294118,0.0,1.0,0.0
160,0.0,1.75389911261e-06,0.0,0.00196078431373,0.00196078431373,0.0,1.0,0.0
161,0.0,8.9643732422e-06,0.000860666209438,0.433333333333,0.590196078431,0.0,0.0,1.0
162,0.0,0.000344153981429,0.0,0.00196078431373,0.00196078431373,0.0,1.0,0.0
163,0.0,0.0,0.0,0.507843137255,0.00588235294118,0.0,1.0,0.0
164,0.218360179242,1.94877679178e-07,0.0,0.00196078431373,0.00196078431373,0.0,1.0,0.0
165,0.000169553106455,1.55902143343e-06,0.000907733892766,0.0,0.0,0.0,1.0,0.0
166,0.0,5.18374626614e-05,0.00355697206869,0.0,0.00980392156863,0.0,1.0,0.0
167,0.0,4.77450313987e-05,0.0,0.00392156862745,0.00196078431373,0.0,1.0,0.0
168,0.0,5.74889153576e-05,0.00312663896397,0.0196078431373,0.021568627451,0.0,1.0,0.0
169,0.0,0.0,0.0,0.0843137254902,0.021568627451,0.0,1.0,0.0
170,0.0,4.44321108527e-05,0.0459515068383,0.00196078431373,0.0117647058824,0.0,1.0,0.0
171,0.0,0.000201113764912,0.0,1.0,1.0,1.0,0.0,0.0
172,0.0,0.0,0.0,0.53137254902,0.0274509803922,0.0,1.0,0.0
173,0.0,0.0,0.0,0.237254901961,0.0352941176471,0.0,1.0,0.0
174,0.0,0.0,0.0,0.560784313725,0.00392156862745,0.0,1.0,0.0
175,0.0,0.0,0.0,0.0,0.00392156862745,0.0,1.0,0.0
176,0.0,0.0,0.0,0.950980392157,0.0,0.0,1.0,0.0
177,0.0,1.94877679178e-07,0.0,0.0411764705882,0.00980392156863,0.0,0.0,1.0
178,0.0,0.0,0.0,0.558823529412,0.0156862745098,0.0,1.0,0.0
179,0.0,5.84633037535e-06,0.0,0.0,0.0,1.0,0.0,0.0
180,2.42218723507e-05,0.000404955817333,0.00223907693549,0.0,0.00196078431373,0.0,1.0,0.0
181,0.0,3.70267590439e-06,0.0,0.0,0.0,0.0,1.0,0.0
182,0.0,0.000128814145937,0.00221218111645,0.0,0.0,0.0,1.0,0.0
183,0.0,5.45657501699e-06,0.0,0.0666666666667,0.0647058823529,0.0,0.0,1.0
184,0.0,0.0,0.0,0.0529411764706,0.00196078431373,0.0,1.0,0.0
185,0.0,0.0,0.0,0.209803921569,0.0333333333333,0.0,1.0,0.0
186,0.0,0.0,0.0,0.196078431373,0.0078431372549,0.0,1.0,0.0
187,0.0,0.000209493505117,0.00244751953309,0.0,0.00196078431373,0.0,1.0,0.0
188,0.0,4.34577224568e-05,0.00441091432337,0.021568627451,0.0392156862745,0.0,1.0,0.0
189,0.367179362965,6.82071877124e-05,0.00796788639206,0.0,0.00196078431373,0.0,1.0,0.0
190,0.0,4.54064992486e-05,0.0166081682602,0.0176470588235,0.0176470588235,0.0,1.0,0.0
191,0.0,0.0,0.0,0.435294117647,0.0176470588235,0.0,1.0,0.0
192,0.0,0.0,0.0,0.435294117647,0.0313725490196,0.0,1.0,0.0
193,0.0,3.91704135148e-05,0.0130310243273,0.0352941176471,0.0647058823529,0.0,1.0,0.0
194,0.0,5.28118510573e-05,0.0321472277135,0.00588235294118,0.0117647058824,0.0,1.0,0.0
195,0.0,0.00280935662303,0.0,0.0,0.0,0.0,1.0,0.0
196,0.0,4.42372331735e-05,0.0777558128589,0.0078431372549,0.00980392156863,0.0,1.0,0.0
197,0.0,0.0,0.0,0.794117647059,0.0,0.0,1.0,0.0
198,0.0,4.38474778151e-05,0.0164400693912,0.00588235294118,0.0078431372549,0.0,1.0,0.0
199,0.0,3.42984715354e-05,0.00286440472828,0.00980392156863,0.00980392156863,0.0,1.0,0.0
200,0.0,0.0,0.0,0.278431372549,0.0254901960784,0.0,1.0,0.0
201,0.0,4.42372331735e-05,0.00512365352806,0.0313725490196,0.0313725490196,0.0,1.0,0.0
202,0.0,0.000166620415697,0.00386627398771,0.0,0.0,0.0,1.0,0.0
203,0.0,0.000183964529144,0.00221890507121,0.0,0.0,0.0,1.0,0.0
204,0.0,0.000185913305936,0.00219200925216,0.00196078431373,0.0,0.0,1.0,0.0
205,0.0,0.0,0.0,0.392156862745,0.0333333333333,0.0,1.0,0.0
206,0.0,3.23496947436e-05,0.233052272024,0.0,0.0,0.0,1.0,0.0
207,0.0,5.96325698286e-05,0.0181412299458,0.00588235294118,0.0078431372549,0.0,1.0,0.0
208,0.0,0.0,0.0,0.241176470588,0.0352941176471,0.0,1.0,0.0
209,0.0,0.0,0.0,0.31568627451,0.0,0.0,1.0,0.0
210,0.0,0.000288418965184,0.0,0.00196078431373,0.00588235294118,1.0,0.0,0.0
211,0.0,0.0,0.0,0.541176470588,0.0313725490196,0.0,1.0,0.0
212,0.0,6.09967135828e-05,0.0574830892538,0.00588235294118,0.00588235294118,0.0,1.0,0.0
213,0.0,0.0,0.0,0.535294117647,0.0411764705882,0.0,1.0,0.0
214,0.0,0.0,0.0,0.274509803922,0.021568627451,0.0,1.0,0.0
215,0.0,5.55401385658e-05,0.0403975202055,0.00392156862745,0.00392156862745,0.0,1.0,0.0
216,0.0,4.40423554943e-05,0.0094875001681,0.0137254901961,0.043137254902,0.0,1.0,0.0
217,0.0,4.98886858697e-05,0.0873038286198,0.0,0.0,0.0,1.0,0.0
218,2.42218723507e-05,0.000728842520127,0.00301905568779,0.0,0.00392156862745,0.0,1.0,0.0
219,0.0,4.36526001359e-05,0.00301905568779,0.0176470588235,0.0196078431373,0.0,1.0,0.0
220,0.0,0.0,0.0,0.2,0.00392156862745,0.0,1.0,0.0
221,9.68874894029e-05,0.000162138229076,0.0,0.0,0.0,0.0,1.0,0.0
222,0.0,0.0,0.0,0.480392156863,0.0372549019608,0.0,1.0,0.0
223,0.0,1.55902143343e-06,0.0,0.0,0.0960784313725,1.0,0.0,0.0
224,0.0,3.91704135148e-05,0.00113634835465,0.0117647058824,0.0117647058824,0.0,1.0,0.0
225,0.0,5.55401385658e-05,0.00204408224741,0.0607843137255,0.0647058823529,0.0,1.0,0.0
226,0.0,0.0,0.0,0.243137254902,0.0450980392157,0.0,1.0,0.0
227,0.0,0.00144638213486,0.0,0.0137254901961,0.0137254901961,0.0,1.0,0.0
228,0.0,3.85857804773e-05,0.0866314331437,0.00196078431373,0.00196078431373,0.0,1.0,0.0
229,0.000484437447015,0.000450167438902,0.00220545716168,0.0,0.00392156862745,0.0,1.0,0.0
230,0.0,6.4504511808e-05,0.00642137679698,0.00980392156863,0.00980392156863,0.0,1.0,0.0
231,0.0,1.26670491466e-05,0.0,0.0156862745098,0.00196078431373,1.0,0.0,0.0
232,0.0,5.45657501699e-06,0.0,0.00588235294118,0.00588235294118,0.0,0.0,1.0
233,0.0,8.76949556302e-06,0.000517744516615,0.333333333333,0.337254901961,0.0,0.0,1.0
234,0.0,0.0,0.0,0.488235294118,0.00392156862745,0.0,1.0,0.0
235,0.0,0.0,0.0,0.464705882353,0.0117647058824,0.0,1.0,0.0
236,0.0,0.0,0.0,0.198039215686,0.00196078431373,0.0,1.0,0.0
237,0.0,1.75389911261e-06,0.000954801576095,0.0,0.0,0.0,1.0,0.0
238,0.0,5.51503832075e-05,0.00613224674224,0.00196078431373,0.00196078431373,0.0,1.0,0.0
239,0.0,4.30679670984e-05,0.0120291550678,0.00196078431373,0.0176470588235,0.0,1.0,0.0
240,0.0,3.50779822521e-06,0.0,0.0,0.0,1.0,0.0,0.0
241,0.0,0.0,0.0,0.549019607843,0.00196078431373,0.0,1.0,0.0
242,0.0,0.0,0.0,0.056862745098,0.00196078431373,0.0,1.0,0.0
243,0.0,0.0,0.0,0.539215686275,0.0137254901961,0.0,1.0,0.0
244,0.0,5.88530591119e-05,0.0092790575705,0.0078431372549,0.0078431372549,0.0,1.0,0.0
245,0.0,0.0,0.0,0.317647058824,0.0156862745098,0.0,1.0,0.0
246,0.0,1.55902143343e-06,0.0,0.0,0.0392156862745,1.0,0.0,0.0
247,0.0,0.0,0.0,0.588235294118,0.0372549019608,0.0,1.0,0.0
248,0.0,6.91815761083e-05,0.00584984064227,0.0529411764706,0.0529411764706,0.0,1.0,0.0
249,0.0,1.55902143343e-06,0.0,0.0,0.043137254902,1.0,0.0,0.0
250,0.000435993702313,2.06570339929e-05,0.00987076558949,0.0,0.0,0.0,1.0,0.0
251,0.0,5.5735016245e-05,0.00956818762523,0.0294117647059,0.0294117647059,0.0,1.0,0.0
252,0.223688991159,1.94877679178e-07,0.0,0.00196078431373,0.00196078431373,0.0,1.0,0.0
253,0.0,0.0,0.0,0.0,0.0,0.0,1.0,0.0
254,0.0,0.000201113764912,0.0,0.0882352941176,0.0882352941176,1.0,0.0,0.0
255,0.0,3.2739450102e-05,0.0642204919245,0.0,0.00196078431373,0.0,1.0,0.0
256,0.0,4.63808876444e-05,0.0058094969137,0.0745098039216,0.0745098039216,0.0,1.0,0.0
257,0.0,0.0,0.0,0.0,0.0,0.0,1.0,0.0
258,0.0,5.67094046409e-05,0.0697206869192,0.00980392156863,0.00980392156863,0.0,1.0,0.0
259,0.0,0.0,0.0,0.411764705882,0.0411764705882,0.0,1.0,0.0
260,0.0,0.000145963381705,0.00221890507121,0.0,0.0,0.0,1.0,0.0
261,0.0,3.85857804773e-05,0.0465566627668,0.021568627451,0.021568627451,0.0,1.0,0.0
262,0.0,0.0,0.0,0.547058823529,0.0196078431373,0.0,1.0,0.0
263,0.0,3.25445724228e-05,0.00476728392571,0.0,0.00588235294118,0.0,1.0,0.0
264,0.0,4.6965520682e-05,0.00572208550181,0.0313725490196,0.0666666666667,0.0,1.0,0.0
265,0.0,6.56737778831e-05,0.0225924879977,0.00980392156863,0.00980392156863,0.0,1.0,0.0
266,0.0,0.000142065828121,0.00220545716168,0.0,0.0,0.0,1.0,0.0
267,0.0,1.55902143343e-06,0.0,0.0,0.0843137254902,1.0,0.0,0.0
268,0.0,0.0,0.0,0.392156862745,0.0,0.0,1.0,0.0
269,0.0,4.32628447776e-05,0.00997162491091,0.00392156862745,0.00392156862745,0.0,1.0,0.0
270,0.0,0.0,0.0,0.539215686275,0.0254901960784,0.0,1.0,0.0
271,0.0,0.0,0.0,0.0,0.0,0.0,1.0,0.0
272,0.0,8.9643732422e-06,0.000901009938005,0.282352941176,0.439215686275,0.0,0.0,1.0
273,0.0,4.79399090779e-05,0.0182824329958,0.0,0.0,0.0,1.0,0.0
274,0.0,4.32628447776e-05,0.00518416912091,0.0137254901961,0.0137254901961,0.0,1.0,0.0
275,0.0,0.0,0.0,0.503921568627,0.0176470588235,0.0,1.0,0.0
276,0.0,0.0,0.0,0.5,0.021568627451,0.0,1.0,0.0
277,0.00990674579145,5.43708724908e-05,0.0645365177983,0.0,0.0,0.0,1.0,0.0
278,0.0,4.40423554943e-05,0.00437729454956,0.021568627451,0.021568627451,0.0,1.0,0.0
279,0.0,5.82684260743e-05,0.00300560777827,0.0490196078431,0.0843137254902,0.0,1.0,0.0
280,0.0,0.0,0.0,0.0254901960784,0.00980392156863,0.0,1.0,0.0
281,0.0,2.33853215014e-06,0.0,0.00196078431373,0.00196078431373,0.0,1.0,0.0
282,0.0,5.47606278491e-05,0.0131184357392,0.056862745098,0.0588235294118,0.0,1.0,0.0
283,0.0,0.0,0.0,0.26862745098,0.0470588235294,0.0,1.0,0.0
284,0.0,8.18486252549e-06,0.000282406099972,0.00588235294118,0.00980392156863,0.0,0.0,1.0
285,0.0,0.0,0.0,0.586274509804,0.0117647058824,0.0,1.0,0.0
286,0.0,0.0,0.0,0.388235294118,0.0156862745098,0.0,1.0,0.0
287,0.0,5.12528296239e-05,0.00304595150684,0.0274509803922,0.0274509803922,0.0,1.0,0.0
288,0.886835412377,1.94877679178e-07,0.0,0.00196078431373,0.00196078431373,0.0,1.0,0.0
289,0.0,0.0,0.0,0.0,0.0,0.0,1.0,0.0
290,0.0,0.0,0.0,0.280392156863,0.0274509803922,0.0,1.0,0.0
291,0.0,0.0,0.0,0.201960784314,0.00588235294118,0.0,1.0,0.0
292,0.0,5.51503832075e-05,0.0133134304272,0.0333333333333,0.0333333333333,0.0,1.0,0.0
293,0.0,3.13753063477e-05,0.0371834698296,0.00196078431373,0.00196078431373,0.0,1.0,0.0
294,0.0,4.11191903066e-05,0.00215838947836,0.0117647058824,0.0196078431373,0.0,1.0,0.0
295,0.0,3.91704135148e-05,0.0114374470489,0.0117647058824,0.0117647058824,0.0,1.0,0.0
296,0.0,1.55902143343e-06,0.0,0.0,0.0470588235294,1.0,0.0,0.0
297,0.0,2.86470188392e-05,0.0,0.00392156862745,0.0,0.0,0.0,1.0
298,0.0,0.0,0.0,0.143137254902,0.0294117647059,0.0,1.0,0.0
299,0.0,0.000110495644094,0.0,0.0,0.0,0.0,1.0,0.0
300,0.0,0.0,0.0,0.439215686275,0.00196078431373,0.0,1.0,0.0
301,0.0,0.0,0.0,0.127450980392,0.0294117647059,0.0,1.0,0.0
302,0.122150902265,1.0,0.0,0.0,0.0117647058824,0.0,1.0,0.0
303,0.0,6.23608573371e-05,0.00282406099972,0.0117647058824,0.0117647058824,0.0,1.0,0.0
304,0.0,1.55902143343e-06,0.0,0.0,0.0666666666667,1.0,0.0,0.0
305,0.0,0.0,0.0,0.00196078431373,0.00196078431373,0.0,1.0,0.0
306,0.0,3.97550465524e-05,0.00826374040155,0.00588235294118,0.00588235294118,0.0,1.0,0.0
307,0.0,0.0,0.0,0.0,0.0,0.0,1.0,0.0
308,0.0,0.00202458420898,0.0,0.0,0.0,0.0,1.0,0.0
309,0.0,0.0,0.0,0.270588235294,0.0235294117647,0.0,1.0,0.0
310,0.0,6.70379216373e-05,0.00385282607819,0.0529411764706,0.11568627451,0.0,1.0,0.0
311,0.0,0.0,0.0,0.280392156863,0.0294117647059,0.0,1.0,0.0
312,0.0,0.0,0.0,0.470588235294,0.0352941176471,0.0,1.0,0.0
313,0.0,4.73552760403e-05,0.00552036685897,0.0274509803922,0.0352941176471,0.0,1.0,0.0
314,0.0,0.000201113764912,0.0,0.41568627451,0.41568627451,1.0,0.0,0.0
315,0.0,1.55902143343e-06,0.0,0.0,0.0862745098039,1.0,0.0,0.0
316,0.0,0.0,0.0,0.0686274509804,0.0,0.0,1.0,0.0
317,0.0,2.04621563137e-05,0.00098169739514,0.00392156862745,0.00196078431373,0.0,0.0,1.0
318,0.0,0.0,0.0,0.496078431373,0.0313725490196,0.0,1.0,0.0
319,2.42218723507e-05,0.000210467893513,0.00219873320692,0.0,0.00196078431373,0.0,1.0,0.0
320,0.0,0.0,0.0,0.576470588235,0.0117647058824,0.0,1.0,0.0
321,0.0,0.0,0.0,0.333333333333,0.00392156862745,0.0,1.0,0.0
322,0.0,0.0,0.0,0.349019607843,0.00196078431373,0.0,1.0,0.0
323,0.0,0.00012803463522,0.00219200925216,0.00196078431373,0.0,0.0,1.0,0.0
324,0.0,0.0,0.0,0.196078431373,0.0117647058824,0.0,1.0,0.0
325,0.0,5.53452608866e-05,0.00514382539234,0.0156862745098,0.0156862745098,0.0,1.0,0.0
326,0.0,5.08630742655e-05,0.103918720835,0.0411764705882,0.0411764705882,0.0,1.0,0.0
327,0.0,6.17762242995e-05,0.00211804574979,0.0,0.00196078431373,0.0,1.0,0.0
328,0.0,6.43096341289e-06,0.0,0.0137254901961,0.0137254901961,0.0,0.0,1.0
329,0.0,0.0,0.0,0.00196078431373,0.0,0.0,1.0,0.0
330,0.0,0.0,0.0,0.0,0.0,0.0,1.0,0.0
331,0.0,8.57461788385e-06,0.000470676833286,0.380392156863,0.38431372549,0.0,0.0,1.0
332,0.0,4.18987010233e-05,0.00392678958056,0.00588235294118,0.0156862745098,0.0,1.0,0.0
333,0.0,0.0,0.0,0.507843137255,0.0156862745098,0.0,1.0,0.0
334,0.0,6.46993894872e-05,0.0191229273409,0.0254901960784,0.0254901960784,0.0,1.0,0.0
335,2.42218723507e-05,0.000190590370236,0.00224580089025,0.0,0.00392156862745,0.0,1.0,0.0
336,0.0,5.76837930368e-05,0.0381248234962,0.0176470588235,0.0176470588235,0.0,1.0,0.0
337,0.0,0.0,0.0,0.243137254902,0.0235294117647,0.0,1.0,0.0
338,0.0,0.0,0.0,0.270588235294,0.0176470588235,0.0,1.0,0.0
339,0.0,4.17038233442e-05,0.0671454122457,0.0176470588235,0.0196078431373,0.0,1.0,0.0
340,0.0,0.0,0.0,0.490196078431,0.0117647058824,0.0,1.0,0.0
341,0.0,9.35412860056e-06,0.000322749828539,0.0,0.0,0.0,0.0,1.0
342,0.0,4.40423554943e-05,0.00874786514436,0.0078431372549,0.0078431372549,0.0,1.0,0.0
343,0.0,0.0,0.0,0.411764705882,0.0313725490196,0.0,1.0,0.0
344,0.0,1.52004589759e-05,0.0,0.0372549019608,0.0137254901961,1.0,0.0,0.0
345,0.0,0.0,0.0,0.405882352941,0.00196078431373,0.0,1.0,0.0
346,0.0,0.0,0.0,0.0,0.0,0.0,1.0,0.0
347,0.0,0.0,0.0,0.523529411765,0.0352941176471,0.0,1.0,0.0
348,0.0,0.0,0.0,0.0,0.0,0.0,1.0,0.0
349,0.0,0.0,0.0,0.00196078431373,0.0,0.0,1.0,0.0
350,0.0,5.72940376784e-05,0.0223705974906,0.0,0.0352941176471,0.0,1.0,0.0
351,0.0,0.0,0.0,0.558823529412,0.00392156862745,0.0,1.0,0.0
352,0.0,4.28730894192e-05,0.00839821949678,0.0117647058824,0.0117647058824,0.0,1.0,0.0
353,0.0,0.0,0.0,0.83137254902,0.0,0.0,1.0,0.0
354,0.0,3.8196025119e-05,0.0220680195264,0.0137254901961,0.0156862745098,0.0,1.0,0.0
355,0.0,0.0,0.0,0.53137254902,0.056862745098,0.0,1.0,0.0
356,0.0,6.37250010913e-05,0.0301367652398,0.00588235294118,0.0137254901961,0.0,1.0,0.0
357,0.0,0.0,0.0,0.470588235294,0.00392156862745,0.0,1.0,0.0
358,0.0,6.21659796579e-05,0.0,0.00196078431373,0.00196078431373,0.0,1.0,0.0
359,0.0,0.000211832037267,0.00203063433789,0.0,0.0,0.0,1.0,0.0
360,0.0,4.09243126274e-05,0.0252417261737,0.0333333333333,0.0333333333333,0.0,1.0,0.0
361,0.0,0.0,0.0,0.243137254902,0.0352941176471,0.0,1.0,0.0
362,0.0,0.0,0.0,0.0,0.0,0.0,1.0,0.0
363,0.0,4.56013769277e-05,0.0422398838101,0.00980392156863,0.00980392156863,0.0,1.0,0.0
364,0.0,1.55902143343e-06,0.0,0.0,0.0333333333333,1.0,0.0,0.0
365,0.0,0.0106286286224,0.0559029598849,0.0,0.0,0.0,1.0,0.0
366,0.0,4.61860099653e-05,0.00982369790616,0.00392156862745,0.00392156862745,0.0,1.0,0.0
367,0.0,0.0,0.0,0.0803921568627,0.0176470588235,0.0,1.0,0.0
368,0.0,0.0,0.0,0.535294117647,0.0176470588235,0.0,1.0,0.0
369,0.0,3.89755358357e-05,0.00642137679698,0.00392156862745,0.00392156862745,0.0,1.0,0.0
370,0.0,4.26782117401e-05,0.00441763827813,0.0117647058824,0.0156862745098,0.0,1.0,0.0
371,0.0,5.53452608866e-05,0.0398125361413,0.0,0.0,0.0,1.0,0.0
372,0.0,0.0,0.0,0.382352941176,0.021568627451,0.0,1.0,0.0
373,0.0,6.3335245733e-05,0.00286440472828,0.0078431372549,0.0078431372549,0.0,1.0,0.0
374,0.0,0.0,0.0,0.21568627451,0.00980392156863,0.0,1.0,0.0
375,0.0,5.84633037535e-06,0.0,0.0,0.0,1.0,0.0,0.0
376,0.0,6.52840225247e-05,0.0531326905233,0.0,0.0137254901961,0.0,1.0,0.0
377,0.0,7.01559645042e-06,0.0,0.00196078431373,0.00588235294118,0.0,0.0,1.0
378,0.0,0.0,0.0,0.327450980392,0.00392156862745,0.0,1.0,0.0
379,0.0,8.37974020467e-06,0.000289130054733,0.237254901961,0.366666666667,0.0,0.0,1.0
380,0.0,0.0,0.0,0.209803921569,0.0137254901961,0.0,1.0,0.0
381,0.0,0.0,0.0,0.0,0.0,0.0,1.0,0.0
382,0.0,0.0,0.0,0.0686274509804,0.021568627451,0.0,1.0,0.0
383,0.0,0.0,0.0,0.278431372549,0.0352941176471,0.0,1.0,0.0
384,0.0,4.20935787025e-05,0.013152055513,0.0,0.0392156862745,0.0,1.0,0.0
385,0.0,0.0,0.0,0.256862745098,0.0137254901961,0.0,1.0,0.0
386,0.0,8.57461788385e-06,0.000524468471376,0.270588235294,0.270588235294,0.0,0.0,1.0
387,0.0,6.76225546749e-05,0.0545514449779,0.0117647058824,0.0117647058824,0.0,1.0,0.0
388,2.42218723507e-05,0.000111080277132,0.00188270733315,0.0,0.0,0.0,1.0,0.0
389,0.0,4.26782117401e-05,0.117938166512,0.0137254901961,0.0137254901961,0.0,1.0,0.0
390,0.0,2.845214116e-05,0.0,0.00392156862745,0.0,0.0,0.0,1.0
391,0.0,0.0,0.0,0.433333333333,0.0,0.0,1.0,0.0
392,0.0,0.0,0.0,0.507843137255,0.0137254901961,0.0,1.0,0.0
393,0.0,0.0,0.0,0.462745098039,0.0274509803922,0.0,1.0,0.0
394,0.0,0.0,0.0,0.256862745098,0.0274509803922,0.0,1.0,0.0
395,0.760591013685,1.94877679178e-07,0.0,0.00196078431373,0.00196078431373,0.0,1.0,0.0
396,0.0,0.0,0.0,0.109803921569,0.0196078431373,0.0,1.0,0.0
397,0.0,3.50779822521e-06,0.0,0.0,0.0,1.0,0.0,0.0
398,0.0,0.0,2.68958190449e-05,0.0,0.0,0.0,1.0,0.0
399,0.0,4.54064992486e-05,0.00390661771628,0.0235294117647,0.0490196078431,0.0,1.0,0.0
400,0.0,0.0,0.0,0.501960784314,0.0352941176471,0.0,1.0,0.0
401,0.0,5.37862394532e-05,0.0,0.0,0.0,0.0,1.0,0.0
402,0.0,8.57461788385e-06,0.000934629711811,0.149019607843,0.305882352941,0.0,0.0,1.0
403,0.0,1.55902143343e-06,0.0,0.0,0.0509803921569,1.0,0.0,0.0
404,0.189051713697,0.000356236397538,1.0,0.0,0.0,0.0,1.0,0.0
405,0.0,3.89755358357e-05,0.00513710143758,0.00196078431373,0.021568627451,0.0,1.0,0.0
406,0.0,8.9643732422e-06,0.000309301919017,0.0196078431373,0.0372549019608,0.0,0.0,1.0
407,0.0,0.0,0.0,0.501960784314,0.0352941176471,0.0,1.0,0.0
408,0.0,0.0,0.0,0.0235294117647,0.0235294117647,0.0,1.0,0.0
409,0.0,4.20935787025e-05,0.0355293769584,0.0156862745098,0.0156862745098,0.0,1.0,0.0
410,0.0,0.0,0.0,0.266666666667,0.0156862745098,0.0,1.0,0.0
411,0.0,4.56013769277e-05,0.00670378289695,0.0529411764706,0.0529411764706,0.0,1.0,0.0
412,0.0,4.28730894192e-05,0.0110474576727,0.021568627451,0.0470588235294,0.0,1.0,0.0
413,0.0,0.0,0.0,0.256862745098,0.00392156862745,0.0,1.0,0.0
414,0.0,2.04621563137e-05,0.00098169739514,0.0117647058824,0.0,0.0,0.0,1.0
415,0.0,0.0,0.0,0.0,0.0,0.0,1.0,0.0
416,0.0,0.0,0.0,0.566666666667,0.0294117647059,0.0,1.0,0.0
417,0.0,0.0,0.0,0.396078431373,0.00196078431373,0.0,1.0,0.0
418,0.0,0.0,0.0,0.566666666667,0.0137254901961,0.0,1.0,0.0
419,0.0,5.61247716034e-05,0.0193717136671,0.0254901960784,0.0294117647059,0.0,1.0,0.0
420,0.0,0.0,0.0,0.225490196078,0.00392156862745,0.0,1.0,0.0
421,0.0,0.0,0.0,0.507843137255,0.00980392156863,0.0,1.0,0.0
422,0.0,1.94877679178e-07,0.0,0.021568627451,0.0,0.0,0.0,1.0
423,0.0,5.45657501699e-06,0.0,0.0392156862745,0.0392156862745,0.0,0.0,1.0
424,0.0,5.43708724908e-05,0.00332163365205,0.00196078431373,0.00196078431373,0.0,1.0,0.0
425,0.0,0.000201113764912,0.0,0.950980392157,0.950980392157,1.0,0.0,0.0
426,0.0,3.74165144022e-05,0.0,0.00196078431373,0.00392156862745,0.0,1.0,0.0
427,0.000169553106455,2.04621563137e-05,0.00942026062049,0.0,0.0,0.0,1.0,0.0
428,0.0,0.0,0.0,0.0,0.0,0.0,1.0,0.0
429,0.000242218723507,0.000259187313307,0.00189615524267,0.0,0.0,0.0,1.0,0.0
430,0.0,0.000101336393173,0.0,0.894117647059,0.894117647059,1.0,0.0,0.0
431,0.0,0.0,0.0,0.0901960784314,0.00588235294118,0.0,1.0,0.0
432,0.0,4.4821866211e-05,0.00243407162357,0.0176470588235,0.0333333333333,0.0,1.0,0.0
433,0.0,8.57461788385e-06,0.000739635023736,0.137254901961,0.294117647059,0.0,0.0,1.0
434,0.0,5.28118510573e-05,0.0240852059547,0.021568627451,0.021568627451,0.0,1.0,0.0
435,0.0,3.48831045729e-05,0.0112155565417,0.00980392156863,0.00980392156863,0.0,1.0,0.0
436,0.0,0.00016603578266,0.0,0.00980392156863,0.00980392156863,0.0,1.0,0.0
437,0.0,4.32628447776e-05,0.00208442597598,0.0078431372549,0.0235294117647,0.0,1.0,0.0
438,0.0,6.1191591262e-05,0.0278170008472,0.0117647058824,0.0117647058824,0.0,1.0,0.0
439,0.0,0.0,0.0,0.270588235294,0.0176470588235,0.0,1.0,0.0
440,0.0,4.4821866211e-05,0.0462608087573,0.0,0.0313725490196,0.0,1.0,0.0
441,0.0,0.0,0.0,0.390196078431,0.00980392156863,0.0,1.0,0.0
442,0.0,0.0,0.0,0.272549019608,0.0,0.0,1.0,0.0
443,0.0,0.000167010171056,0.00219873320692,0.0,0.0,0.0,1.0,0.0
444,0.0,4.56013769277e-05,0.0114777907774,0.0156862745098,0.0156862745098,0.0,1.0,0.0
445,0.0,0.000201113764912,0.0,1.0,1.0,1.0,0.0,0.0
446,0.0,5.45657501699e-06,0.0,0.13137254902,0.13137254902,0.0,0.0,1.0
447,0.0,0.0,0.0,0.256862745098,0.0117647058824,0.0,1.0,0.0
448,0.0,4.18987010233e-05,0.0428114199648,0.0156862745098,0.0156862745098,0.0,1.0,0.0
449,0.0,8.9643732422e-06,0.000309301919017,0.419607843137,0.419607843137,0.0,0.0,1.0
450,0.0,2.04621563137e-05,0.00098169739514,0.0,0.0,0.0,0.0,1.0
451,0.0,0.0,0.0,0.223529411765,0.0333333333333,0.0,1.0,0.0
452,0.0,0.0,0.0,0.0666666666667,0.0294117647059,0.0,1.0,0.0
453,0.0,0.0,0.0,0.537254901961,0.0274509803922,0.0,1.0,0.0
454,0.0,5.94376921494e-05,0.0168569545864,0.00588235294118,0.00588235294118,0.0,1.0,0.0
455,0.0,0.0,0.0,0.147058823529,0.0235294117647,0.0,1.0,0.0
456,0.0,6.54789002039e-05,0.10601659472,0.021568627451,0.021568627451,0.0,1.0,0.0
457,0.0,0.0,0.0,0.394117647059,0.00196078431373,0.0,1.0,0.0
458,0.0,0.0,0.0,0.492156862745,0.0254901960784,0.0,1.0,0.0
459,0.140099309677,2.86470188392e-05,0.000706015249929,0.0,0.0,0.0,0.0,1.0
460,0.0,6.52840225247e-05,0.00814943317061,0.00392156862745,0.00392156862745,0.0,1.0,0.0
461,0.0,0.0,0.0,0.143137254902,0.0313725490196,0.0,1.0,0.0
462,0.0,6.60635332415e-05,0.00162047309746,0.0,0.0,0.0,1.0,0.0
463,0.0,6.17762242995e-05,0.0218192332002,0.00588235294118,0.00588235294118,0.0,1.0,0.0
464,0.0,0.0,0.0,0.225490196078,0.0352941176471,0.0,1.0,0.0
465,0.0,0.0106286286224,0.0559029598849,0.00196078431373,0.00196078431373,0.0,1.0,0.0
466,0.0,0.0,0.0,0.38431372549,0.00196078431373,0.0,1.0,0.0
467,0.0,8.18486252549e-06,0.000880838073721,0.154901960784,0.311764705882,0.0,0.0,1.0
468,0.0,0.00019214939167,0.00247441535213,0.0,0.0,0.0,1.0,0.0
469,0.0,0.0,0.0,0.386274509804,0.00588235294118,0.0,1.0,0.0
470,0.0,3.56626152896e-05,0.0,0.00588235294118,0.00588235294118,1.0,0.0,0.0
471,0.0,0.0,0.0,0.198039215686,0.00392156862745,0.0,1.0,0.0
472,0.0,7.89254600672e-05,0.159935987951,0.0,0.0,0.0,1.0,0.0
473,0.0,0.0,0.0,0.435294117647,0.0392156862745,0.0,1.0,0.0
474,0.0,0.000152978978155,0.00219873320692,0.0,0.0,0.0,1.0,0.0
475,0.0,5.0278441228e-05,0.0289264533828,0.0,0.0,0.0,1.0,0.0
476,0.0,0.0,0.0,0.26862745098,0.00980392156863,0.0,1.0,0.0
477,0.0,1.55902143343e-06,0.0,0.0,0.0529411764706,1.0,0.0,0.0
478,0.0,6.19711019787e-05,0.0178117561625,0.0078431372549,0.0078431372549,0.0,1.0,0.0
479,0.0,0.0,0.0,0.3,0.0,0.0,1.0,0.0
480,0.0,0.0,0.0,0.398039215686,0.0333333333333,0.0,1.0,0.0
481,0.0,0.0,0.0,0.511764705882,0.00588235294118,0.0,1.0,0.0
482,0.0,4.20935787025e-05,0.00833770390393,0.0137254901961,0.0137254901961,0.0,1.0,0.0
483,2.42218723507e-05,0.0,0.0,0.0470588235294,0.00196078431373,0.0,1.0,0.0
484,0.0,5.67094046409e-05,0.00215166552359,0.00392156862745,0.00392156862745,0.0,1.0,0.0
485,0.0,4.36526001359e-05,0.00367127929963,0.0392156862745,0.0392156862745,0.0,1.0,0.0
486,0.0,0.0,0.0,0.898039215686,0.0078431372549,0.0,1.0,0.0
487,0.0,0.0,0.0,0.494117647059,0.0,0.0,1.0,0.0
488,0.0131282548141,3.31292054603e-06,0.000282406099972,0.0,0.0,0.0,0.0,1.0
489,0.0,0.0,0.0,0.276470588235,0.0274509803922,0.0,1.0,0.0
490,0.0,5.65145269617e-06,0.000194994688076,0.0,0.00392156862745,0.0,0.0,1.0
491,0.0,2.04621563137e-05,0.000988421349901,0.0,0.0,0.0,0.0,1.0
492,0.0,5.84633037535e-06,0.0,0.021568627451,0.0,1.0,0.0,0.0
493,0.0,6.3335245733e-05,0.0866314331437,0.0078431372549,0.0156862745098,0.0,1.0,0.0
494,0.0,0.0,0.0,0.270588235294,0.0372549019608,0.0,1.0,0.0
495,0.0,0.0,0.0,0.0,0.0,0.0,1.0,0.0
496,0.0,2.33853215014e-06,0.0,0.0,0.00196078431373,0.0,1.0,0.0
497,0.0,4.13140679858e-05,0.0055674345423,0.0156862745098,0.0156862745098,0.0,1.0,0.0
498,0.0,4.67706430028e-05,0.00991783327282,0.021568627451,0.021568627451,0.0,1.0,0.0
499,0.0,5.69042823201e-05,0.0887965465768,0.0078431372549,0.0078431372549,0.0,1.0,0.0
500,0.0,3.35189608187e-05,0.0860195532604,0.0,0.00196078431373,0.0,1.0,0.0
501,0.0,0.0,0.0,0.382352941176,0.0156862745098,0.0,1.0,0.0
502,0.0,6.04120805453e-05,0.00529847635185,0.00392156862745,0.00392156862745,0.0,1.0,0.0
503,0.0,8.57461788385e-06,0.000860666209438,0.00588235294118,0.162745098039,0.0,0.0,1.0
504,0.0,2.82572634809e-05,0.0,0.00392156862745,0.0,0.0,0.0,1.0
505,2.42218723507e-05,0.000241258566823,0.0164804131198,0.0,0.0,0.0,1.0,0.0
506,0.0,1.55902143343e-06,0.0,0.0,0.0117647058824,1.0,0.0,0.0
507,0.0,8.76949556302e-06,0.000302577964255,0.325490196078,0.325490196078,0.0,0.0,1.0
508,0.0,0.0,0.0,0.00196078431373,0.0,0.0,1.0,0.0
509,4.84437447015e-05,0.000302255280406,0.00243407162357,0.0,0.00196078431373,0.0,1.0,0.0
510,9.68874894029e-05,0.000254900004365,0.00220545716168,0.0,0.0,0.0,1.0,0.0
511,0.0,6.93764537875e-05,0.00756444910639,0.00392156862745,0.00392156862745,0.0,1.0,0.0
512,0.0,7.09354752209e-05,0.0464894232192,0.0235294117647,0.0235294117647,0.0,1.0,0.0
513,0.0,6.4504511808e-05,0.00521778889472,0.0176470588235,0.0254901960784,0.0,1.0,0.0
514,0.0,5.84633037535e-06,0.0,0.00196078431373,0.0,1.0,0.0,0.0
515,0.0,0.0,0.0,0.511764705882,0.0117647058824,0.0,1.0,0.0
516,0.0,0.0,0.0,0.2,0.0313725490196,0.0,1.0,0.0
517,0.0,4.8134786757e-05,0.0507389626283,0.0254901960784,0.0254901960784,0.0,1.0,0.0
518,0.0,5.84633037535e-05,0.0123788007154,0.0823529411765,0.0823529411765,0.0,1.0,0.0
519,0.0,0.0,0.0,0.43137254902,0.0294117647059,0.0,1.0,0.0
520,0.0,6.91815761083e-05,0.0141808205914,0.0078431372549,0.0490196078431,0.0,1.0,0.0
521,0.0,0.0,0.0,0.0627450980392,0.0254901960784,0.0,1.0,0.0
522,0.0,6.15813466204e-05,0.00847218299915,0.00392156862745,0.0156862745098,0.0,1.0,0.0
523,0.0,8.57461788385e-06,0.000914457847528,0.437254901961,0.586274509804,0.0,0.0,1.0
524,0.000726656170522,0.000284131656242,0.0279178601686,0.0,0.0,0.0,1.0,0.0
525,0.0,0.0,0.0,0.43137254902,0.0254901960784,0.0,1.0,0.0
526,0.253239675427,2.845214116e-05,0.000706015249929,0.00588235294118,0.00196078431373,0.0,0.0,1.0
527,0.0,0.0,0.0,0.0,0.0,0.0,1.0,0.0
528,0.0,0.0,0.0,0.554901960784,0.0254901960784,0.0,1.0,0.0
529,0.0,1.94877679178e-07,0.0,0.00196078431373,0.00196078431373,0.0,0.0,1.0
530,0.0,0.0,0.0,0.292156862745,0.0294117647059,0.0,1.0,0.0
531,0.0,0.0,0.0,0.498039215686,0.0156862745098,0.0,1.0,0.0
532,0.250115053894,2.845214116e-05,0.000706015249929,0.0078431372549,0.00196078431373,0.0,0.0,1.0
533,0.0,0.0,0.0,0.0490196078431,0.00196078431373,0.0,1.0,0.0
534,0.0,0.00268814270659,0.0199432498218,0.00196078431373,0.00196078431373,0.0,1.0,0.0
535,0.0,0.0,0.0,0.143137254902,0.0372549019608,0.0,1.0,0.0
536,0.0,0.000177533565731,0.0021852852974,0.00196078431373,0.0,0.0,1.0,0.0
537,0.0,0.0,0.0,0.0117647058824,0.0156862745098,0.0,1.0,0.0
538,0.0,5.45657501699e-05,0.0224042172644,0.00196078431373,0.00196078431373,0.0,1.0,0.0
539,0.0,0.0,0.0,0.458823529412,0.00588235294118,0.0,1.0,0.0
540,0.0,0.0,0.0,0.254901960784,0.0372549019608,0.0,1.0,0.0
541,0.0,7.98998484631e-06,0.000275682145211,0.194117647059,0.323529411765,0.0,0.0,1.0
542,0.0,1.94877679178e-06,0.000934629711811,0.0,0.0,0.0,1.0,0.0
543,0.0,6.06069582245e-05,0.00328128992348,0.0196078431373,0.0196078431373,0.0,1.0,0.0
544,0.0,5.47606278491e-05,0.0117333010584,0.00196078431373,0.00196078431373,0.0,1.0,0.0
545,0.0,5.7878670716e-05,0.00864028186818,0.0137254901961,0.0137254901961,0.0,1.0,0.0
546,0.0,0.0,0.0,0.241176470588,0.00196078431373,0.0,1.0,0.0
547,0.0,8.37974020467e-06,0.000484124742809,0.513725490196,0.51568627451,0.0,0.0,1.0
548,0.0,0.0,0.0,0.0647058823529,0.0274509803922,0.0,1.0,0.0
549,0.0,6.50891448456e-05,0.0,0.0,0.0,0.0,1.0,0.0
550,0.0,1.55902143343e-06,0.0,0.0,0.0274509803922,1.0,0.0,0.0
551,0.0,4.18987010233e-05,0.0631984508008,0.0294117647059,0.043137254902,0.0,1.0,0.0
552,0.0,0.0,0.0,0.0294117647059,0.00392156862745,0.0,1.0,0.0
553,0.0,0.0,0.0,0.0,0.00196078431373,0.0,1.0,0.0
554,0.0,0.000100556882456,2.68958190449e-05,0.294117647059,0.294117647059,0.0,0.0,1.0
555,0.0,0.0,0.0,0.0,0.0,0.0,1.0,0.0
556,0.0,0.0,0.0,0.223529411765,0.0117647058824,0.0,1.0,0.0
557,0.0,0.0,0.0,0.252941176471,0.0176470588235,0.0,1.0,0.0
558,0.0,0.0,0.0,0.460784313725,0.0274509803922,0.0,1.0,0.0
559,0.000678212425821,8.57461788385e-06,0.000295854009494,0.00392156862745,0.0078431372549,0.0,0.0,1.0
560,0.0,0.0,0.0,0.547058823529,0.0294117647059,0.0,1.0,0.0
561,0.0,0.000131737311125,0.00220545716168,0.0,0.0,0.0,1.0,0.0
562,0.0,6.50891448456e-05,0.00305939941636,0.0117647058824,0.0156862745098,0.0,1.0,0.0
563,0.0,0.0,0.0,0.523529411765,0.00196078431373,0.0,1.0,0.0
564,0.0,0.0,0.0,0.162745098039,0.0333333333333,0.0,1.0,0.0
565,0.0,3.97550465524e-05,0.0107314317989,0.0450980392157,0.0450980392157,0.0,1.0,0.0
566,0.0,0.000101336393173,0.0,0.270588235294,0.270588235294,1.0,0.0,0.0
567,0.0,0.0,0.0,0.411764705882,0.00980392156863,0.0,1.0,0.0
568,0.0,3.74165144022e-05,0.00202391038313,0.0156862745098,0.0156862745098,0.0,1.0,0.0
569,0.0,3.50779822521e-06,0.0,0.0,0.0,1.0,0.0,0.0
570,0.0,0.0,0.0,0.194117647059,0.00196078431373,0.0,1.0,0.0
571,0.0,0.0,0.0,0.196078431373,0.0235294117647,0.0,1.0,0.0
572,0.0,0.0,0.0,0.517647058824,0.00588235294118,0.0,1.0,0.0
573,0.0,4.98886858697e-05,0.0301636610589,0.0,0.0,0.0,1.0,0.0
574,0.0,1.24721714674e-05,0.0,0.0,0.0,1.0,0.0,0.0
575,0.0,8.9643732422e-06,0.000914457847528,0.409803921569,0.409803921569,0.0,0.0,1.0
576,0.0,0.0,0.0,0.103921568627,0.0313725490196,0.0,1.0,0.0
577,0.0,4.28730894192e-05,0.00170116055459,0.0294117647059,0.0450980392157,0.0,1.0,0.0
578,0.0,7.98998484631e-06,0.000786702707064,0.0823529411765,0.0823529411765,0.0,0.0,1.0
579,0.0,4.83296644362e-05,0.0155525073627,0.043137254902,0.0686274509804,0.0,1.0,0.0
580,0.0,0.000243597098973,0.0164804131198,0.0,0.0,0.0,1.0,0.0
581,0.0,0.0,0.0,0.48431372549,0.0372549019608,0.0,1.0,0.0
582,0.0,8.57461788385e-06,0.000470676833286,0.247058823529,0.247058823529,0.0,0.0,1.0
583,0.00489281821485,4.07294349483e-05,0.0122644934845,0.0,0.0,0.0,1.0,0.0
584,0.0,0.00114802440804,0.0,0.0235294117647,0.0,0.0,1.0,0.0
585,0.0,1.55902143343e-06,0.0,0.0,0.0745098039216,1.0,0.0,0.0
586,0.0,5.37862394532e-05,0.0118812280631,0.00196078431373,0.00980392156863,0.0,1.0,0.0
587,0.0,4.50167438902e-05,0.0154919917699,0.0235294117647,0.0235294117647,0.0,1.0,0.0
588,0.0,0.0,0.0,0.490196078431,0.021568627451,0.0,1.0,0.0
589,0.0,6.08018359036e-05,0.00283750890924,0.0196078431373,0.0274509803922,0.0,1.0,0.0
590,1.0,1.94877679178e-07,0.0,0.00196078431373,0.00196078431373,0.0,1.0,0.0
591,0.0,0.0,0.0,0.433333333333,0.0333333333333,0.0,1.0,0.0
592,0.0,5.65145269617e-06,0.0,0.00196078431373,0.00196078431373,0.0,0.0,1.0
593,0.0,0.00257998559464,0.0,0.00588235294118,0.00588235294118,0.0,1.0,0.0
594,0.0,0.0,0.0,0.445098039216,0.00588235294118,0.0,1.0,0.0
595,0.0,1.55902143343e-06,0.00149944191175,0.0,0.0,0.0,1.0,0.0
596,0.0,0.0,0.0,0.250980392157,0.0411764705882,0.0,1.0,0.0
597,0.0,8.57461788385e-06,0.000531192426137,0.498039215686,0.498039215686,0.0,0.0,1.0
598,0.0,0.0,0.0,0.229411764706,0.0156862745098,0.0,1.0,0.0
599,0.0,0.0,0.0,0.162745098039,0.0294117647059,0.0,1.0,0.0
600,0.0,6.31403680538e-05,0.0715899463428,0.00196078431373,0.00196078431373,0.0,1.0,0.0
601,0.0,0.0,0.0,0.223529411765,0.00588235294118,0.0,1.0,0.0
602,0.0,3.50779822521e-06,0.0,0.0,0.0,1.0,0.0,0.0
603,0.0,6.91815761083e-05,0.00441763827813,0.0294117647059,0.0294117647059,0.0,1.0,0.0
604,0.326704614267,1.94877679178e-07,0.0,0.00196078431373,0.00196078431373,0.0,1.0,0.0
605,0.0,0.0,0.0,0.21568627451,0.0176470588235,0.0,1.0,0.0
606,0.0,0.0106286286224,0.0559029598849,0.00588235294118,0.00588235294118,0.0,1.0,0.0
607,0.0,3.99499242316e-05,0.00170116055459,0.0196078431373,0.0196078431373,0.0,1.0,0.0
608,0.0,0.0,0.0,0.470588235294,0.021568627451,0.0,1.0,0.0
609,0.0,6.3335245733e-05,0.00506313793521,0.0117647058824,0.0156862745098,0.0,1.0,0.0
610,0.0,0.0,0.0,0.472549019608,0.0,0.0,1.0,0.0
611,0.0,4.52116215694e-05,0.00129772326892,0.0,0.0,0.0,1.0,0.0
612,9.68874894029e-05,0.000172661623752,0.00219200925216,0.0,0.0,0.0,1.0,0.0
613,0.0,6.21659796579e-05,0.0230766127405,0.0156862745098,0.0156862745098,0.0,1.0,0.0
614,0.0,0.0,0.0,0.196078431373,0.00980392156863,0.0,1.0,0.0
615,0.0,0.0,0.0,0.0,0.0,0.0,1.0,0.0
616,0.0,2.86470188392e-05,0.0816355347561,0.021568627451,0.021568627451,0.0,1.0,0.0
617,2.42218723507e-05,0.000282767512488,0.00221890507121,0.0,0.00196078431373,0.0,1.0,0.0
618,0.0,0.0106286286224,0.0559029598849,0.00392156862745,0.00392156862745,0.0,1.0,0.0
619,0.0,4.57962546069e-05,0.012701550544,0.0,0.0352941176471,0.0,1.0,0.0
620,0.000605546808768,0.0,0.0,0.0,0.0,0.0,1.0,0.0
621,0.0,0.0,0.0,0.625490196078,0.0,0.0,1.0,0.0
622,0.0,5.82684260743e-05,0.0103548903323,0.0313725490196,0.0549019607843,0.0,1.0,0.0
623,0.0,0.0,0.0,0.221568627451,0.0137254901961,0.0,1.0,0.0
624,0.0,0.0,0.0,0.264705882353,0.043137254902,0.0,1.0,0.0
625,0.0,0.0,0.0,0.53137254902,0.00588235294118,0.0,1.0,0.0
626,0.0,0.0,0.0,0.407843137255,0.0137254901961,0.0,1.0,0.0
627,0.0,4.61860099653e-05,0.00162047309746,0.127450980392,0.127450980392,0.0,1.0,0.0
628,0.0,0.0,0.0,0.213725490196,0.0294117647059,0.0,1.0,0.0
629,0.0738040450527,2.845214116e-05,0.000706015249929,0.0,0.0,0.0,0.0,1.0
630,0.0,0.0,0.0,0.00196078431373,0.0,0.0,1.0,0.0
631,0.0321424246094,2.845214116e-05,0.000706015249929,0.00392156862745,0.0,0.0,0.0,1.0
632,0.0,3.9365291194e-05,0.0129301650058,0.0294117647059,0.0313725490196,0.0,1.0,0.0
633,0.0,0.0,0.0,0.523529411765,0.0078431372549,0.0,1.0,0.0
634,0.0,7.46381511253e-05,0.0,0.00392156862745,0.00196078431373,0.0,1.0,0.0
635,0.0,6.72327993165e-05,0.0151557940318,0.00588235294118,0.00588235294118,0.0,1.0,0.0
636,0.0,5.41759948116e-05,0.044015007867,0.0117647058824,0.0117647058824,0.0,1.0,0.0
637,0.0,0.0,0.0,0.570588235294,0.0254901960784,0.0,1.0,0.0
638,0.0,3.8196025119e-05,0.108544801711,0.0078431372549,0.0627450980392,0.0,1.0,0.0
639,0.0,0.0,0.0,0.00196078431373,0.00196078431373,0.0,1.0,0.0
640,0.0,5.39811171324e-05,0.0151490700771,0.0313725490196,0.0313725490196,0.0,1.0,0.0
641,0.0,3.95601688732e-05,0.00388644585199,0.0352941176471,0.0352941176471,0.0,1.0,0.0
642,0.0,0.0,0.0,0.0,0.0,0.0,1.0,0.0
643,0.0208308102216,2.86470188392e-05,0.000706015249929,0.0,0.0,0.0,0.0,1.0
644,0.0,0.0,0.0,0.580392156863,0.0274509803922,0.0,1.0,0.0
645,0.0,0.0,0.0,0.292156862745,0.0,0.0,1.0,0.0
646,0.0,0.0,0.0,0.386274509804,0.00980392156863,0.0,1.0,0.0
647,0.0,0.0,0.0,0.121568627451,0.00588235294118,0.0,1.0,0.0
648,0.0,7.15201082584e-05,0.0349578408036,0.00588235294118,0.00588235294118,0.0,1.0,0.0
649,0.0,0.0,0.0,0.388235294118,0.0,0.0,1.0,0.0
650,0.0,5.00835635488e-05,0.154993881201,0.0,0.00588235294118,0.0,1.0,0.0
651,0.0,1.55902143343e-06,0.0,0.0,0.078431372549,1.0,0.0,0.0
652,0.0,8.57461788385e-06,0.000295854009494,0.205882352941,0.203921568627,0.0,0.0,1.0
653,0.0,2.49443429348e-05,0.000295854009494,0.13137254902,0.13137254902,0.0,0.0,1.0
654,0.0,4.94989305113e-05,0.00351662834012,0.0372549019608,0.0372549019608,0.0,1.0,0.0
655,0.0,4.38474778151e-05,0.154624063689,0.00980392156863,0.0745098039216,0.0,1.0,0.0
656,0.0,0.000151030201363,0.00222562902597,0.0,0.0,0.0,1.0,0.0
657,0.0115053893666,6.1191591262e-05,0.00178857196649,0.0196078431373,0.021568627451,0.0,1.0,0.0
658,0.0,0.0,0.0,0.58431372549,0.0156862745098,0.0,1.0,0.0
659,0.000193774978806,0.000102310781569,0.00225252484501,0.0,0.00196078431373,0.0,1.0,0.0
660,0.0,0.0,0.0,0.996078431373,0.0,0.0,1.0,0.0
661,0.0,1.94877679178e-07,0.0,0.056862745098,0.0137254901961,0.0,0.0,1.0
662,0.0,4.1508945665e-05,0.250985059373,0.00392156862745,0.00588235294118,0.0,1.0,0.0
663,0.0,3.70267590439e-05,0.0581891045037,0.00588235294118,0.00588235294118,0.0,1.0,0.0
664,0.0,0.0,0.0,0.456862745098,0.0,0.0,1.0,0.0
665,0.0,5.45657501699e-06,0.0,0.170588235294,0.170588235294,0.0,0.0,1.0
666,0.0,0.0,0.0,0.476470588235,0.0313725490196,0.0,1.0,0.0
667,0.00065399055347,0.000207934483683,0.0207165046194,0.0,0.0,0.0,1.0,0.0
668,0.0,2.45545875765e-05,0.000295854009494,0.496078431373,0.494117647059,0.0,0.0,1.0
669,0.0,6.48942671664e-05,0.0171259127769,0.00588235294118,0.00588235294118,0.0,1.0,0.0
670,0.0,0.0,0.0,0.462745098039,0.021568627451,0.0,1.0,0.0
671,0.0,0.00087519565719,0.0,0.0,0.0,0.0,1.0,0.0
672,0.0,0.0,0.0,0.560784313725,0.0274509803922,0.0,1.0,0.0
673,0.0,0.0106286286224,0.0559029598849,0.00588235294118,0.00588235294118,0.0,1.0,0.0
674,0.0,4.65757653236e-05,0.00171460846411,0.0352941176471,0.0470588235294,0.0,1.0,0.0
675,0.0,0.0,0.0,0.0,0.0,0.0,1.0,0.0
676,4.84437447015e-05,0.000245156120406,0.00241389975928,0.0,0.0,0.0,1.0,0.0
677,0.0,0.0,0.0,0.0196078431373,0.0196078431373,0.0,1.0,0.0
678,0.0,0.0,0.0,0.141176470588,0.00392156862745,0.0,1.0,0.0
679,0.0,0.0,0.0,0.0,0.0,0.0,1.0,0.0
680,0.0,8.18486252549e-06,0.00043705705948,0.201960784314,0.201960784314,0.0,0.0,1.0
681,0.0,4.36526001359e-05,0.00853942254677,0.00980392156863,0.0333333333333,0.0,1.0,0.0
682,0.0,4.50167438902e-05,0.0216175145574,0.0,0.0,0.0,1.0,0.0
683,0.122683783456,2.86470188392e-05,0.000706015249929,0.0,0.0,0.0,0.0,1.0
684,0.0,8.57461788385e-06,0.000484124742809,0.5,0.5,0.0,0.0,1.0
685,0.0,3.56626152896e-05,0.0,0.00196078431373,0.0,1.0,0.0,0.0
686,0.0,0.0,0.0,0.46862745098,0.00980392156863,0.0,1.0,0.0
687,0.0,0.0,0.0,0.290196078431,0.00196078431373,0.0,1.0,0.0
688,0.0,2.43597098973e-05,0.00120358790226,0.0,0.0,0.0,1.0,0.0
689,0.0,2.53340982932e-06,0.000268958190449,0.0,0.0,0.0,1.0,0.0
690,0.0,4.54064992486e-05,0.0319993007087,0.0254901960784,0.0254901960784,0.0,1.0,0.0
691,0.0,5.84633037535e-06,0.0,0.00196078431373,0.0,1.0,0.0,0.0
692,0.0,0.0,0.0,0.178431372549,0.00392156862745,0.0,1.0,0.0
693,0.0,5.41759948116e-05,0.0535092319899,0.0,0.00196078431373,0.0,1.0,0.0
694,0.0,0.0,0.0,0.00196078431373,0.0,0.0,1.0,0.0
695,0.0,0.0,0.0,0.372549019608,0.00196078431373,0.0,1.0,0.0
696,0.0,4.61860099653e-05,0.0349174970751,0.0,0.0921568627451,0.0,1.0,0.0
697,0.0,5.86581814327e-05,0.0181412299458,0.0137254901961,0.0156862745098,0.0,1.0,0.0
698,0.0,4.79399090779e-05,0.0221554309383,0.0078431372549,0.00980392156863,0.0,1.0,0.0
699,0.0,4.4821866211e-05,0.0838544398273,0.00980392156863,0.0117647058824,0.0,1.0,0.0
700,0.0,8.9643732422e-06,0.000551364290421,0.449019607843,0.449019607843,0.0,0.0,1.0
701,0.0480804166162,2.86470188392e-05,0.000706015249929,0.0,0.0,0.0,0.0,1.0
702,0.0,0.0,0.0,0.021568627451,0.0078431372549,0.0,1.0,0.0
703,0.0,0.000124916592353,0.0,0.00196078431373,0.00196078431373,0.0,1.0,0.0
704,0.0,5.45657501699e-06,0.0,0.192156862745,0.192156862745,0.0,0.0,1.0
705,0.0,0.0,0.0,0.292156862745,0.0372549019608,0.0,1.0,0.0
706,0.0,1.59799696926e-05,6.72395476123e-06,0.0,0.0,0.0,1.0,0.0
707,0.0,0.0,0.0,0.441176470588,0.0294117647059,0.0,1.0,0.0
708,0.0,0.0,0.0,0.156862745098,0.0,0.0,1.0,0.0
709,0.0,0.0,0.0,0.237254901961,0.0117647058824,0.0,1.0,0.0
710,0.0,8.9643732422e-06,0.000537916380899,0.103921568627,0.103921568627,0.0,0.0,1.0
711,0.0,0.0,0.0,0.462745098039,0.0137254901961,0.0,1.0,0.0
712,0.0,0.0,0.0,0.427450980392,0.00196078431373,0.0,1.0,0.0
713,0.0,7.32740073711e-05,0.00231976439263,0.0,0.0,0.0,1.0,0.0
714,0.0,0.0,0.0,0.288235294118,0.0352941176471,0.0,1.0,0.0
715,0.000121109361754,2.04621563137e-05,0.00098169739514,0.00196078431373,0.00196078431373,0.0,0.0,1.0
716,0.0,6.50891448456e-05,0.0,0.0,0.0,0.0,1.0,0.0
717,0.0,0.0,0.0,0.539215686275,0.0372549019608,0.0,1.0,0.0
718,0.0,5.84633037535e-06,0.0,0.00588235294118,0.0,1.0,0.0,0.0
719,0.0,0.000205206196175,0.00221218111645,0.0,0.0,0.0,1.0,0.0
720,0.0,8.9643732422e-06,0.00087411411896,0.127450980392,0.28431372549,0.0,0.0,1.0
721,0.0,8.76949556302e-06,0.000800150616587,0.288235294118,0.286274509804,0.0,0.0,1.0
722,2.42218723507e-05,0.000299916748255,0.00265596213069,0.0,0.0,0.0,1.0,0.0
723,0.0,0.0,0.0,0.323529411765,0.00588235294118,0.0,1.0,0.0
724,0.0,0.0,0.0,0.38431372549,0.0078431372549,0.0,1.0,0.0
725,0.0,6.97662091458e-05,0.0118207124702,0.0,0.0,0.0,1.0,0.0
726,0.0,8.57461788385e-06,0.000894285983244,0.137254901961,0.294117647059,0.0,0.0,1.0
727,0.0,5.49555055283e-05,0.00825029249203,0.00196078431373,0.0607843137255,0.0,1.0,0.0
728,0.0,6.29454903746e-05,0.0101464477347,0.00588235294118,0.0294117647059,0.0,1.0,0.0
729,0.0,2.04621563137e-05,0.000706015249929,0.0,0.0,0.0,0.0,1.0
730,0.0,4.24833340609e-05,0.00240717580452,0.0196078431373,0.0235294117647,0.0,1.0,0.0
731,0.0,0.0,0.0,0.201960784314,0.00196078431373,0.0,1.0,0.0
732,0.0,0.0,0.0,0.51568627451,0.0372549019608,0.0,1.0,0.0
733,0.0,6.41147564497e-05,0.00203735829265,0.0176470588235,0.0627450980392,0.0,1.0,0.0
734,0.0,0.000153563611193,0.00220545716168,0.0,0.0,0.0,1.0,0.0
735,0.0,6.06069582245e-05,0.0308696763088,0.0392156862745,0.0392156862745,0.0,1.0,0.0
736,0.0,0.0,0.0,0.496078431373,0.0411764705882,0.0,1.0,0.0
737,0.0,0.0,0.0,0.237254901961,0.0196078431373,0.0,1.0,0.0
738,0.0,6.82071877124e-06,0.00087411411896,0.0,0.0,0.0,1.0,0.0
739,0.0,0.000201113764912,0.0,1.0,1.0,1.0,0.0,0.0
740,0.0,0.0,0.0,0.196078431373,0.0,0.0,1.0,0.0
741,0.0,0.0,0.0,0.452941176471,0.0274509803922,0.0,1.0,0.0
742,0.0,1.14977830715e-05,0.0,0.0294117647059,0.0294117647059,0.0,1.0,0.0
743,0.0,0.0,0.0,0.254901960784,0.0117647058824,0.0,1.0,0.0
744,0.0,4.40423554943e-05,0.00687188176598,0.043137254902,0.0450980392157,0.0,1.0,0.0
745,0.0,3.95601688732e-05,0.0141740966367,0.0156862745098,0.0274509803922,0.0,1.0,0.0
746,0.000193774978806,0.00049576881583,0.00223907693549,0.0,0.0,0.0,1.0,0.0
747,0.0,0.000201113764912,0.0,1.0,1.0,1.0,0.0,0.0
748,0.0,6.37250010913e-05,0.0451916999502,0.00588235294118,0.0078431372549,0.0,1.0,0.0
749,0.0,0.0,0.0,0.245098039216,0.00588235294118,0.0,1.0,0.0
750,0.0,0.0,0.0,0.513725490196,0.00392156862745,0.0,1.0,0.0
751,0.0,0.0,0.0,0.0,0.0,0.0,1.0,0.0
752,0.0,0.0,0.0,0.247058823529,0.021568627451,0.0,1.0,0.0
753,0.0,0.0,0.0,0.378431372549,0.0333333333333,0.0,1.0,0.0
754,0.0,0.0106286286224,0.0559029598849,0.00196078431373,0.00196078431373,0.0,1.0,0.0
755,0.0,0.0,0.0,0.0,0.0,0.0,1.0,0.0
756,0.0,0.0,0.0,0.519607843137,0.0274509803922,0.0,1.0,0.0
757,0.0,5.45657501699e-06,0.0,0.0509803921569,0.0509803921569,0.0,0.0,1.0
758,0.0,1.55902143343e-06,0.0,0.0,0.0686274509804,1.0,0.0,0.0
759,0.0,0.0,0.0,0.0470588235294,0.0078431372549,0.0,1.0,0.0
760,0.0,0.0,0.0,0.194117647059,0.0117647058824,0.0,1.0,0.0
761,2.42218723507e-05,0.000148691669213,0.00225252484501,0.0,0.0,0.0,1.0,0.0
762,0.0,0.0,0.0,0.46862745098,0.0176470588235,0.0,1.0,0.0
763,0.0,5.98274475077e-05,0.0560710587539,0.0078431372549,0.0078431372549,0.0,1.0,0.0
764,0.0,0.0,0.0,0.560784313725,0.0313725490196,0.0,1.0,0.0
765,0.0,0.0,0.0,0.550980392157,0.0352941176471,0.0,1.0,0.0
766,0.0,4.59911322861e-05,0.0488293594761,0.0,0.0137254901961,0.0,1.0,0.0
767,0.0,4.79399090779e-05,0.0,0.0,0.0,0.0,1.0,0.0
768,0.0,0.0,0.0,0.250980392157,0.0333333333333,0.0,1.0,0.0
769,0.0,0.0,0.0,0.476470588235,0.0078431372549,0.0,1.0,0.0
770,0.0,0.0,0.0,0.545098039216,0.0196078431373,0.0,1.0,0.0
771,0.0,5.84633037535e-05,0.0876669221769,0.0,0.0,0.0,1.0,0.0
772,0.0,4.94989305113e-05,0.00262234235688,0.0235294117647,0.0254901960784,0.0,1.0,0.0
773,0.139348431634,2.86470188392e-05,0.000706015249929,0.0,0.0,0.0,0.0,1.0
774,0.0,0.0,0.0,0.260784313725,0.0294117647059,0.0,1.0,0.0
775,0.42143635703,1.94877679178e-07,0.0,0.00196078431373,0.00196078431373,0.0,1.0,0.0
776,0.0,6.50891448456e-05,0.0,0.00196078431373,0.00196078431373,0.0,1.0,0.0
777,2.42218723507e-05,0.0,0.0,0.125490196078,0.00196078431373,0.0,1.0,0.0
778,0.000750878042873,0.000237945646277,0.022726967093,0.0,0.0,0.0,1.0,0.0
779,0.0,0.0,0.0,0.525490196078,0.0333333333333,0.0,1.0,0.0
780,0.0,1.55902143343e-06,0.0,0.0,0.0411764705882,1.0,0.0,0.0
781,0.0,5.82684260743e-05,0.00195667083552,0.00196078431373,0.00196078431373,0.0,1.0,0.0
782,0.0,0.00036520077078,0.0,0.0156862745098,0.0156862745098,0.0,1.0,0.0
783,0.0,0.000253535860611,0.00225252484501,0.0,0.00196078431373,0.0,1.0,0.0
784,0.515029671794,1.94877679178e-07,0.0,0.00196078431373,0.00196078431373,0.0,1.0,0.0
785,0.0,8.37974020467e-06,0.000887562028483,0.421568627451,0.570588235294,0.0,0.0,1.0
786,0.0,0.000201113764912,0.0,0.629411764706,0.629411764706,1.0,0.0,0.0
787,0.0,0.0,0.0,0.0588235294118,0.0196078431373,0.0,1.0,0.0
788,0.0,6.43096341288e-05,0.00172133241888,0.00588235294118,0.00588235294118,0.0,1.0,0.0
789,0.0,0.0,0.0,0.529411764706,0.0470588235294,0.0,1.0,0.0
790,0.0,5.88530591119e-05,0.050409488845,0.0490196078431,0.0490196078431,0.0,1.0,0.0
791,0.0,0.0,0.0,0.272549019608,0.021568627451,0.0,1.0,0.0
792,0.0,0.0,0.0,0.350980392157,0.0235294117647,0.0,1.0,0.0
793,0.0,0.0,0.0,0.543137254902,0.0372549019608,0.0,1.0,0.0
794,0.0,0.0,0.0,0.0862745098039,0.00588235294118,0.0,1.0,0.0
795,0.0,0.0,0.0,0.00980392156863,0.00392156862745,0.0,1.0,0.0
796,0.0,5.53452608866e-05,0.0020642541117,0.00196078431373,0.0549019607843,0.0,1.0,0.0
797,0.0,0.0,0.0,0.545098039216,0.0176470588235,0.0,1.0,0.0
798,0.0,2.33853215014e-06,0.0,0.0,0.0,0.0,1.0,0.0
799,0.0,4.63808876444e-05,0.0018558115141,0.0235294117647,0.0235294117647,0.0,1.0,0.0
800,2.42218723507e-05,0.000232683948939,0.00324094619491,0.0,0.00392156862745,0.0,1.0,0.0
801,0.0,0.00128638756026,0.0,0.0392156862745,0.0,0.0,1.0,0.0
802,0.0,2.33853215014e-06,0.0,0.0,0.0,0.0,1.0,0.0
803,4.84437447015e-05,0.000282962390167,0.00221890507121,0.0,0.00196078431373,0.0,1.0,0.0
804,4.84437447015e-05,0.427682257401,0.0,0.00196078431373,0.00196078431373,0.0,1.0,0.0
805,0.0,0.0,0.0,0.21568627451,0.0313725490196,0.0,1.0,0.0
806,0.0,0.0,0.0,0.71568627451,0.0,0.0,1.0,0.0
807,0.0,0.0,0.0,0.282352941176,0.0117647058824,0.0,1.0,0.0
808,0.0,4.67706430028e-05,0.0050295181614,0.0156862745098,0.0176470588235,0.0,1.0,0.0
809,0.0,0.0,0.0,0.450980392157,0.0156862745098,0.0,1.0,0.0
810,0.0,8.18486252549e-06,0.000282406099972,0.0137254901961,0.0333333333333,0.0,0.0,1.0
811,0.0,0.0,0.0,0.252941176471,0.00588235294118,0.0,1.0,0.0
812,0.0,6.54789002039e-05,0.00870079746103,0.0392156862745,0.0392156862745,0.0,1.0,0.0
813,7.26656170522e-05,0.00222862113908,0.00929922943478,0.0,0.00196078431373,0.0,1.0,0.0
814,0.0,0.0,0.0,0.043137254902,0.00392156862745,0.0,1.0,0.0
815,0.0,3.80011474398e-05,0.0320598163016,0.00196078431373,0.00196078431373,0.0,1.0,0.0
816,0.0,0.000100556882456,2.68958190449e-05,0.372549019608,0.372549019608,0.0,0.0,1.0
817,0.0,5.5735016245e-05,0.0234733260715,0.0176470588235,0.0176470588235,0.0,1.0,0.0
818,0.0,0.0,0.0,0.417647058824,0.0294117647059,0.0,1.0,0.0
819,0.0,4.18987010233e-05,0.00714083995643,0.00980392156863,0.00980392156863,0.0,1.0,0.0
820,0.0,3.8196025119e-05,0.00898992751577,0.0666666666667,0.0666666666667,0.0,1.0,0.0
821,0.000121109361754,0.000140701684367,0.00224580089025,0.0,0.0,0.0,1.0,0.0
822,0.0,0.0,0.0,0.00196078431373,0.0,0.0,1.0,0.0
823,0.0,0.0,0.0,0.476470588235,0.00196078431373,0.0,1.0,0.0
824,0.0,4.17038233442e-05,0.0233791907048,0.00196078431373,0.00196078431373,0.0,1.0,0.0
825,0.0,0.0,0.0,0.501960784314,0.00392156862745,0.0,1.0,0.0
826,0.0,4.52116215694e-05,0.014389263189,0.021568627451,0.021568627451,0.0,1.0,0.0
827,0.0,4.36526001359e-05,0.0119888113393,0.00196078431373,0.00196078431373,0.0,1.0,0.0
828,0.0,1.55902143343e-06,0.0,0.0,0.0509803921569,1.0,0.0,0.0
829,0.0,3.74165144022e-05,0.0,0.00196078431373,0.00196078431373,0.0,1.0,0.0
830,0.0,5.72940376784e-05,0.00321405037587,0.043137254902,0.056862745098,0.0,1.0,0.0
831,0.0,0.0,0.0,0.150980392157,0.0,0.0,1.0,0.0
832,0.0,4.1508945665e-05,0.00174150428316,0.0117647058824,0.0196078431373,0.0,1.0,0.0
833,0.0,0.0,0.0,0.456862745098,0.00980392156863,0.0,1.0,0.0
834,0.000193774978806,2.04621563137e-05,0.00098169739514,0.00196078431373,0.00196078431373,0.0,0.0,1.0
835,0.0,0.0,0.0,0.225490196078,0.00196078431373,0.0,1.0,0.0
836,0.0,5.9047936791e-05,0.00307957128064,0.0,0.0,0.0,1.0,0.0
837,0.0,0.0,0.0,0.205882352941,0.00980392156863,0.0,1.0,0.0
838,0.0,8.57461788385e-06,0.000847218299915,0.143137254902,0.296078431373,0.0,0.0,1.0
839,0.119438052561,1.422607058e-05,0.000302577964255,0.00196078431373,0.00588235294118,0.0,0.0,1.0
840,0.0,3.83909027981e-05,0.0153037210366,0.00196078431373,0.0,0.0,1.0,0.0
841,0.0,0.0,0.0,0.0,0.0,0.0,1.0,0.0
842,0.0,4.71603983612e-05,0.0452185957693,0.0,0.0,0.0,1.0,0.0
843,0.0,0.0,0.0,0.5,0.00588235294118,0.0,1.0,0.0
844,0.0,6.00223251869e-05,0.00408144054007,0.0137254901961,0.0137254901961,0.0,1.0,0.0
845,0.0,0.0,0.0,0.558823529412,0.0274509803922,0.0,1.0,0.0
846,0.0,0.0,0.0,0.454901960784,0.0117647058824,0.0,1.0,0.0
847,0.0,5.67094046409e-05,0.00583639273275,0.043137254902,0.043137254902,0.0,1.0,0.0
848,0.0,0.0,0.0,0.0549019607843,0.0274509803922,0.0,1.0,0.0
849,0.0,0.000525585100744,0.00222562902597,0.0,0.0,0.0,1.0,0.0
850,0.0,1.94877679178e-07,0.0,0.0313725490196,0.0313725490196,0.0,0.0,1.0
851,0.0,0.0,0.0,0.209803921569,0.0333333333333,0.0,1.0,0.0
852,0.0,0.0,0.0,0.198039215686,0.00196078431373,0.0,1.0,0.0
853,0.0,3.89755358357e-05,0.0204542703837,0.0176470588235,0.0274509803922,0.0,1.0,0.0
854,0.0,0.0,0.0,0.447058823529,0.0156862745098,0.0,1.0,0.0
855,0.0,0.0,0.0,0.466666666667,0.021568627451,0.0,1.0,0.0
856,0.0,1.55902143343e-06,0.00150616586652,0.0,0.0,0.0,1.0,0.0
857,0.0,0.000201113764912,0.0,1.0,1.0,1.0,0.0,0.0
858,0.0,5.45657501699e-06,0.0,0.0333333333333,0.0333333333333,0.0,0.0,1.0
859,0.0,0.0,0.0,0.503921568627,0.00980392156863,0.0,1.0,0.0
860,0.0,6.64532885998e-05,0.00188943128791,0.00588235294118,0.00588235294118,0.0,1.0,0.0
861,0.0,1.55902143343e-06,0.00331490969729,0.0,0.0,0.0,1.0,0.0
862,0.0,0.0,0.0,0.203921568627,0.0078431372549,0.0,1.0,0.0
863,0.0,0.0,0.0,0.282352941176,0.0392156862745,0.0,1.0,0.0
864,2.42218723507e-05,0.000289003598221,0.00244079557833,0.0,0.00588235294118,0.0,1.0,0.0
865,0.0,8.9643732422e-06,0.000860666209438,0.0352941176471,0.152941176471,0.0,0.0,1.0
866,0.0,0.000472773249687,0.0184034641815,0.0176470588235,0.0176470588235,0.0,1.0,0.0
867,0.0,7.01559645042e-06,0.0,0.0,0.0196078431373,0.0,0.0,1.0
868,0.0,4.09243126274e-05,0.00958163553476,0.0176470588235,0.0176470588235,0.0,1.0,0.0
869,0.0,0.0,0.0,0.239215686275,0.0392156862745,0.0,1.0,0.0
870,0.0,0.0,0.0,0.0156862745098,0.00196078431373,0.0,1.0,0.0
871,0.0,3.31292054603e-05,0.091465956617,0.0,0.0,0.0,1.0,0.0
872,0.0,0.0,0.0,0.0862745098039,0.00196078431373,0.0,1.0,0.0
873,0.0,1.55902143343e-06,0.0,0.0,0.00196078431373,1.0,0.0,0.0
874,0.0,0.0,0.0,0.517647058824,0.0156862745098,0.0,1.0,0.0
875,0.0,0.0,0.0,0.498039215686,0.0117647058824,0.0,1.0,0.0
876,0.0,0.0,0.0,0.201960784314,0.0176470588235,0.0,1.0,0.0
877,0.0,0.0,0.0,0.292156862745,0.0372549019608,0.0,1.0,0.0
878,0.0,5.2422095699e-05,0.059984400425,0.00196078431373,0.00196078431373,0.0,1.0,0.0
879,0.0,6.13864689412e-05,0.00233321230215,0.0588235294118,0.0588235294118,0.0,1.0,0.0
880,0.0,0.0,0.0,0.452941176471,0.00392156862745,0.0,1.0,0.0
881,0.0,0.0,0.0,0.423529411765,0.00196078431373,0.0,1.0,0.0
882,0.0,0.0,0.0,0.127450980392,0.0,0.0,1.0,0.0
883,0.0,0.0,0.0,0.0,0.0,0.0,1.0,0.0
884,0.0,4.20935787025e-05,0.0496496819569,0.0294117647059,0.0294117647059,0.0,1.0,0.0
885,0.0,0.0,0.0,0.0,0.0,0.0,1.0,0.0
886,0.0,0.0,0.0,0.0,0.0,0.0,1.0,0.0
887,0.0,4.57962546069e-05,0.084876480951,0.00588235294118,0.00588235294118,0.0,1.0,0.0
888,0.0,0.000129983412012,0.00223235298073,0.0,0.00588235294118,0.0,1.0,0.0
889,4.84437447015e-05,0.000226058107847,0.00223907693549,0.0,0.0,0.0,1.0,0.0
890,0.0,1.55902143343e-06,0.0,0.0,0.0686274509804,1.0,0.0,0.0
891,4.84437447015e-05,0.000253146105253,0.00221218111645,0.0,0.00392156862745,0.0,1.0,0.0
892,0.0,0.0,0.0,0.380392156863,0.0,0.0,1.0,0.0
893,0.0,0.0,0.0,0.452941176471,0.0235294117647,0.0,1.0,0.0
894,0.0,0.000138558029896,0.00225924879977,0.0,0.0,0.0,1.0,0.0
895,0.0,0.000201113764912,0.0,0.125490196078,0.125490196078,1.0,0.0,0.0
896,0.0,1.55902143343e-06,0.0,0.0,0.0313725490196,1.0,0.0,0.0
897,4.84437447015e-05,0.0,0.0,0.0,0.0,0.0,1.0,0.0
898,0.0,0.0,0.0,0.233333333333,0.00196078431373,0.0,1.0,0.0
899,0.0,0.0,0.0,0.398039215686,0.0,0.0,1.0,0.0
900,0.0,8.18486252549e-06,0.000282406099972,0.0137254901961,0.0254901960784,0.0,0.0,1.0
901,9.68874894029e-05,0.0,0.0,0.121568627451,0.00196078431373,0.0,1.0,0.0
902,0.0,2.86470188392e-05,0.0,0.0,0.0,0.0,0.0,1.0
903,0.0,0.0,0.0,0.0,0.00196078431373,0.0,1.0,0.0
904,0.0,0.0,0.0,0.511764705882,0.0333333333333,0.0,1.0,0.0
905,0.0,4.32628447776e-05,0.039227552077,0.00392156862745,0.00392156862745,0.0,1.0,0.0
906,0.0,0.0,0.0,0.28431372549,0.0294117647059,0.0,1.0,0.0
907,0.0,3.85857804773e-05,0.00959508344428,0.0372549019608,0.0372549019608,0.0,1.0,0.0
908,0.0,0.0,0.0,0.00196078431373,0.0,0.0,1.0,0.0
909,0.0,0.000101336393173,0.0,0.509803921569,0.509803921569,1.0,0.0,0.0
910,0.0,0.0,0.0,0.472549019608,0.0,0.0,1.0,0.0
911,0.0,0.0,0.0,0.41568627451,0.0392156862745,0.0,1.0,0.0
912,0.0,0.0,0.0,0.0960784313725,0.0196078431373,0.0,1.0,0.0
913,0.0,1.55902143343e-06,0.0,0.0,0.1,1.0,0.0,0.0
914,0.0,0.0,0.0,0.33137254902,0.0196078431373,0.0,1.0,0.0
915,0.0,0.0,0.0,0.492156862745,0.043137254902,0.0,1.0,0.0
916,0.0,0.0,0.0,0.245098039216,0.0274509803922,0.0,1.0,0.0
917,0.0,4.22884563817e-05,0.00695929317788,0.0647058823529,0.0647058823529,0.0,1.0,0.0
918,0.0,0.0,0.0,0.525490196078,0.0333333333333,0.0,1.0,0.0
919,0.0,1.55902143343e-06,0.0,0.0,0.0490196078431,1.0,0.0,0.0
920,0.0,4.91091751529e-05,0.0187934535576,0.0078431372549,0.0078431372549,0.0,1.0,0.0
921,0.0,3.89755358357e-05,0.00632051747556,0.00980392156863,0.00980392156863,0.0,1.0,0.0
922,0.0,0.0,0.0,0.117647058824,0.0274509803922,0.0,1.0,0.0
923,0.0,4.73552760403e-05,0.0044579820067,0.0235294117647,0.0235294117647,0.0,1.0,0.0
924,0.0,0.0,0.0,0.549019607843,0.00392156862745,0.0,1.0,0.0
925,0.0,0.0,0.0,0.0,0.0,0.0,1.0,0.0
926,0.0,0.0,0.0,0.46862745098,0.0,0.0,1.0,0.0
927,0.0,0.0,0.0,0.507843137255,0.0137254901961,0.0,1.0,0.0
928,0.0,0.0,0.0,0.537254901961,0.00392156862745,0.0,1.0,0.0
929,0.0,0.0,0.0,0.225490196078,0.021568627451,0.0,1.0,0.0
930,0.0,0.0,0.0,0.319607843137,0.0117647058824,0.0,1.0,0.0
931,0.0,4.07294349483e-05,0.016191283065,0.00392156862745,0.00980392156863,0.0,1.0,0.0
932,0.0,4.18987010233e-05,0.0785357916112,0.0,0.0254901960784,0.0,1.0,0.0
933,0.0,0.0,0.0,0.378431372549,0.00392156862745,0.0,1.0,0.0
934,0.0,6.04120805453e-06,0.0,0.0,0.00196078431373,0.0,0.0,1.0
935,0.0,6.58686555623e-05,0.00184908755934,0.0235294117647,0.0235294117647,0.0,1.0,0.0
936,0.0,4.85245421154e-05,0.188257285405,0.0,0.0156862745098,0.0,1.0,0.0
937,0.0,4.52116215694e-05,0.0386291201033,0.0137254901961,0.0137254901961,0.0,1.0,0.0
938,0.0,5.06681965864e-05,0.00190287919743,0.0137254901961,0.0137254901961,0.0,1.0,0.0
939,0.0,0.0,0.0,0.235294117647,0.0294117647059,0.0,1.0,0.0
940,0.0,0.0,0.0,0.429411764706,0.0196078431373,0.0,1.0,0.0
941,0.0,0.000422494808459,0.00270302981402,0.0,0.0,0.0,1.0,0.0
942,0.0,7.26893743335e-05,0.0,0.0137254901961,0.0196078431373,0.0,1.0,0.0
943,0.0,6.76225546749e-05,0.00952784389667,0.043137254902,0.043137254902,0.0,1.0,0.0
944,0.0,6.89866984291e-05,0.0126074151773,0.00392156862745,0.0156862745098,0.0,1.0,0.0
945,0.0,0.0,0.0,0.0549019607843,0.00196078431373,0.0,1.0,0.0
946,0.0,0.0,0.0,0.447058823529,0.0196078431373,0.0,1.0,0.0
947,0.0,0.0,0.0,0.229411764706,0.0294117647059,0.0,1.0,0.0
948,0.0,0.0,0.0,0.46862745098,0.0156862745098,0.0,1.0,0.0
949,0.0,5.94376921494e-05,0.0181412299458,0.00392156862745,0.00588235294118,0.0,1.0,0.0
950,0.0,0.0,0.0,0.0333333333333,0.0333333333333,0.0,1.0,0.0
951,0.0,2.04621563137e-05,0.000988421349901,0.0137254901961,0.00196078431373,0.0,0.0,1.0
952,0.0,4.30679670984e-05,0.00404782076626,0.0980392156863,0.109803921569,0.0,1.0,0.0
953,0.0,0.000172856501431,0.0029316442759,0.0,0.00196078431373,0.0,1.0,0.0
954,0.0,0.000135439987029,0.00220545716168,0.0,0.0,0.0,1.0,0.0
955,0.0,0.000101336393173,0.0,0.849019607843,0.849019607843,1.0,0.0,0.0
956,0.0,9.64644511933e-05,0.0,0.0,0.0,0.0,1.0,0.0
957,0.0,0.0,0.0,0.280392156863,0.0274509803922,0.0,1.0,0.0
958,0.0,0.0,0.0,0.503921568627,0.0156862745098,0.0,1.0,0.0
959,0.0,0.000537862394532,0.00248786326166,0.0,0.0,0.0,1.0,0.0
960,0.0,8.76949556302e-06,0.000558088245182,0.3,0.3,0.0,0.0,1.0
961,2.42218723507e-05,0.000147327525459,0.00223235298073,0.0,0.0,0.0,1.0,0.0
962,0.0,0.0,0.0,1.0,0.0,0.0,1.0,0.0
963,0.0,4.24833340609e-05,0.0455615174621,0.0196078431373,0.021568627451,0.0,1.0,0.0
964,0.0,0.0,0.0,0.21568627451,0.0078431372549,0.0,1.0,0.0
965,0.0,0.0,0.0,0.445098039216,0.0411764705882,0.0,1.0,0.0
966,0.0,0.0,0.0,0.550980392157,0.0294117647059,0.0,1.0,0.0
967,0.0,0.00140233977937,0.0,0.0156862745098,0.0156862745098,0.0,1.0,0.0
968,0.0,8.9643732422e-06,0.000901009938005,0.6,0.598039215686,0.0,0.0,1.0
969,0.0,2.33853215014e-06,0.0,0.0,0.0,0.0,1.0,0.0
970,0.0,8.76949556302e-06,0.00087411411896,0.0823529411765,0.235294117647,0.0,0.0,1.0
971,0.0,8.37974020467e-06,0.000477400788047,0.394117647059,0.394117647059,0.0,0.0,1.0
972,0.0,0.000101336393173,0.0,0.550980392157,0.550980392157,1.0,0.0,0.0
973,0.0,4.01448019107e-05,0.0850042360915,0.00588235294118,0.00588235294118,0.0,1.0,0.0
974,0.0,0.000201113764912,0.0,0.488235294118,0.488235294118,1.0,0.0,0.0
975,0.239990311251,0.000513307806956,0.057899974449,0.0,0.0,0.0,1.0,0.0
976,0.00864720842921,6.50891448456e-05,0.0718521805785,0.0,0.0,0.0,1.0,0.0
977,0.0,0.00088454978579,0.0,0.0372549019608,0.0372549019608,0.0,1.0,0.0
978,0.0,6.23608573371e-05,0.00349645647584,0.043137254902,0.0823529411765,0.0,1.0,0.0
979,0.0,5.84633037535e-06,0.0,0.00196078431373,0.0,1.0,0.0,0.0
980,0.0,0.0,0.0,0.0,0.0,0.0,1.0,0.0
981,0.0,5.47606278491e-05,0.00510348166378,0.00392156862745,0.0078431372549,0.0,1.0,0.0
982,0.0,6.72327993165e-05,0.0264789338497,0.0176470588235,0.0294117647059,0.0,1.0,0.0
983,0.0,0.0,0.0,0.145098039216,0.00980392156863,0.0,1.0,0.0
984,0.0,4.34577224568e-05,0.00274337354258,0.00980392156863,0.0490196078431,0.0,1.0,0.0
985,0.0,0.0,0.0,0.511764705882,0.0117647058824,0.0,1.0,0.0
986,0.0,0.0,0.0,0.0,0.0,0.0,1.0,0.0
987,0.0,1.55902143343e-06,0.0,0.0,0.0647058823529,1.0,0.0,0.0
988,0.0,0.0,0.0,0.401960784314,0.0333333333333,0.0,1.0,0.0
989,0.0,3.97550465524e-05,0.00174822823792,0.0313725490196,0.0352941176471,0.0,1.0,0.0
990,0.0,0.0,0.0,0.527450980392,0.0117647058824,0.0,1.0,0.0
991,0.0254571878406,1.94877679178e-07,0.0,0.00196078431373,0.00196078431373,0.0,1.0,0.0
992,0.0,0.0,0.0,0.466666666667,0.00980392156863,0.0,1.0,0.0
993,0.0,0.0,0.0,0.447058823529,0.0117647058824,0.0,1.0,0.0
994,0.0193532760082,0.000131737311125,0.160836997889,0.00392156862745,0.00196078431373,0.0,1.0,0.0
995,0.0,4.07294349483e-05,0.0239103831309,0.00196078431373,0.00196078431373,0.0,1.0,0.0
996,0.0,0.0,0.0,0.219607843137,0.0117647058824,0.0,1.0,0.0
997,0.0,0.0,0.0,0.545098039216,0.0294117647059,0.0,1.0,0.0
998,0.0,4.46269885318e-05,0.00628017374699,0.00392156862745,0.00392156862745,0.0,1.0,0.0
999,0.00237374349037,0.00012101903877,0.0561853659849,0.0,0.0,0.0,1.0,0.0
1000,0.0,0.0,0.03829964632,0.0,0.0,0.0,1.0,0.0
1001,0.0,0.0,0.0391872083485,0.00196078431373,0.00196078431373,0.0,1.0,0.0
1002,0.00433571515078,0.000303814301839,0.0191968908433,0.0,0.0,0.0,1.0,0.0
1003,0.0171490856243,0.000336553751941,0.16191283065,0.0,0.0,0.0,1.0,0.0
1004,0.000508659319365,1.73441134469e-05,0.00231976439263,0.0,0.0,0.0,1.0,0.0
1005,0.00273707157563,0.00122266255916,0.112767445301,0.0,0.0,0.0,1.0,0.0
1006,0.00409349642727,0.000305373323272,0.0192103387528,0.0,0.0,0.0,1.0,0.0
1007,0.00128375923459,0.000512138540881,0.0259544653784,0.0,0.0,0.0,1.0,0.0
1008,0.0,7.79510716713e-07,0.0,0.00196078431373,0.00196078431373,0.0,0.0,1.0
1009,0.0,0.0,0.0139320342653,0.00588235294118,0.00392156862745,0.0,1.0,0.0
